upc,title,description,image_url,product_url,piece_length,piece_width,piece_height
8007905029350,Magnetic Fashion,"New looks and lots of new magnetic dresses that can be combined to create the perfect outfit. Play with Anna and Laura, the cut-out dolls to create countless new stories and have fun. The outfits can be split to experiment with even more combinations using the 57 magnetic pieces in the pack. As an extra bonus, the clothes fit all the dolls in the “Magnetic Fashion” collection! Play with Maggie to mix all styles to create new moods!
",https://www.quercettistore.com/cdn/shop/files/02935_MAGNETIC_FASHION_3Dbox_grande.jpg?v=1759136541,https://www.quercettistore.com/products/magnetic-fashion,,,
8007905066300,Skyrail,"With SKYRAIL you can build fantastic marble suspension tracks up to 5 metres long. Your toy will immediately became the best thing in the room! SKYRAIL has been carefully planned in order to use marbles of different dimensions and materials: it allows you to make interesting observations, experiments and discoveries in the world of physics (speed, gravity, strength, centrifuge, attrition) and to intuitively understand fundamental principles. The Skyrail is a safe way to spend hours in a highly educational environment.",https://www.quercettistore.com/cdn/shop/products/6630_high_1_grande.jpg?v=1614246184,https://www.quercettistore.com/products/skyrail-2,,,
8007905065464,Migoga,"Assemble your own marble runs with this excitingly challenging construction set. Reproduce the layouts pictured on the box or have fun experimenting with new designs. Interlocking chutes, bridges, pillars, and spinning wheels can all be combined in countless configurations that guarantee hours of great fun. Migoga promotes creativity and logical reasoning both of which are required to place and fix the components precisely and get the marbles rolling. All pieces are made of unbreakable high-quality transparent materials so you can build solid structures and visually track the course of the marble.",https://www.quercettistore.com/cdn/shop/files/06546_3Dbox_grande.jpg?v=1752487497,https://www.quercettistore.com/products/migoga,,,
8007905010204,Pallino,"HOW TO PLAY
The screen, which contains the figures to be composed, is divided into 12 columns and a pushbutton corresponds to each column. To “throw” the balls into the required column, keep the corresponding button pressed and hit the THROW BUTTON hard. To empty a column, press its button and push the RELEASE LEVER. To choose the coloured ball you want, press the SELECT BUTTON, or reject by letting them out.",https://www.quercettistore.com/cdn/shop/files/01020_PALLINO_3Dbox_grande.jpg?v=1759136103,https://www.quercettistore.com/products/pallino,,,
8007905010211,Pallino,"HOW TO PLAY
The screen, which contains the figures to be composed, is divided into 12 columns and a pushbutton corresponds to each column. To “throw” the balls into the required column, keep the corresponding button pressed and hit the THROW BUTTON hard. To empty a column, press its button and push the RELEASE LEVER. To choose the coloured ball you want, press the SELECT BUTTON, or reject by letting them out.",https://www.quercettistore.com/cdn/shop/files/01020_PALLINO_3Dbox_grande.jpg?v=1759136103,https://www.quercettistore.com/products/pallino,,,
8007905065761,Migoga Run Elevator,"Create your own marble runs with this exciting construction set. Reproduce the models pictured on the box or enjoy experimenting with your own designs. Interlocking chutes, bridges, columns, spinning-wheels, spirals and funnels can be combined in infinite variations for long-lasting fun. This toy stimulates creativity and reasoning both of which are required to build impressive-looking structures with the correct angles of inclination. With the exciting elevator you can create endless cascades of marbles with mesmerizing visual effect.",https://www.quercettistore.com/cdn/shop/products/06576_high_1_grande.jpg?v=1665499631,https://www.quercettistore.com/products/migoga-elevator,,,
8007905009208,Quercetti Fanta Color Portable Misto - Art Pegboard,,,,,,
8007905016800,Spirogiro Mandala,"With Spirogiro you can easily create swirling geometrical designs that would be too difficult to draw by hand. This amazing set features three different types of rotating gears that will surprise you with endless configurations: with the small yellow gears you can make all kinds of spiral decorations; with the blue gear you can create beautiful geometrical circles; and finally, with the orange gear you can draw your own colourful Mandala. This toy encourages creativity and artistic skills while developing fine motor skills and coordination.",https://www.quercettistore.com/cdn/shop/files/01680_3Dbox_grande.jpg?v=1747817778,https://www.quercettistore.com/products/spirogiro-mandala,,,
8007905018064,Peg Brite 120,"Create your bright mosaic with pegs. Peg Brite is a lamp toy to light up a kid’s room in a creative way. It has a nice trendy design, featuring a flat screen and rounded edges. The original and innovative structure of the Peg Brite screen lets children create images with pegs with unlimited creative freedom. The toy also comes with an album of 12 sample images. The light is generated by an electronic circuit, and uses latest generation LED lights, which are very bright and use very little power. The pegs are shaped like little lamps which are easy to insert into the perforations on the screen and feel good to the touch. They are made of a crystalline material that sparkle in the light even when Peg Brite is turned off. Uses 3 AA batteries (not included).",https://www.quercettistore.com/cdn/shop/files/01805_PEGBRITE_3Dbox_grande.jpg?v=1759136199,https://www.quercettistore.com/products/peg-brite,,,
8007905021019,Quercetti FantaColor Mandala 1200 Pcs.,,,,,,
8007905021224,FantaColor 100,"Making lovely mosaics by inserting pegs into the pegboard is a fun, creative and educational activity that encourages colour recognition, develops manual skills, and fine tunes hand-eye coordination. An unbreakable and safe toy: all pieces are made of high-quality, flexible and washable plastic, with round edges.",https://www.quercettistore.com/cdn/shop/products/2122_high_1_grande.jpg?v=1646056267,https://www.quercettistore.com/products/fantacolor,,,
8007905061251,Tecno Jumbo,"Tecno Jumbo Toolbox has everything a child needs to build a world of trucks, excavators, cranes or anything else that comes to mind. Screws, bolts, wingnuts, wheels and perforated plates, made of resistant shatterproof plastic, can be assembled without special tools. All a child needs is a pair of hands and a lot of imagination. When playtime is over, everything fits back into the handy tool box. The box has a handle and a cover that can be used as a base for playing on. This building toy stimulates coordination as well as logic and creativity, helping children to understand basic principles of mechanics while enjoying themselves.",https://www.quercettistore.com/cdn/shop/files/06150_3Dbox_ok_grande.jpg?v=1770368227,https://www.quercettistore.com/products/tecno-jumbo-1,,,
8007905061374,Quercetti Georello Tech Threedimensional Structure (165 Piece),,,,,,
8007905041758,Tubation Wheels,"Everything’s more fun on wheels! Tubation Wheels tubular constructions will bring no end of wonder - and it’s so easy to put everything together, then set in motion with the wheels provided. There are just 4 types of tubes, but with the wheels and a bit of imagination and creativity a child can build a world of structures, vehicles, robots and space stations. It’s easy and intuitive to try out new and unlimited combinations and modifications. The high quality materials used and the careful design of the shapes and sizes of the parts are a guarantee of long hours of safe and fun playtime.",https://www.quercettistore.com/cdn/shop/products/4185_high_1_grande.jpg?v=1614245268,https://www.quercettistore.com/products/tubation-wheels,,,
8007905066102,Quarcetti - Official Marble League Racetrack 228pc Set,,,,,,
8007905003404,QUERCETTI PLAY FORM,,,,,,
8007905841624,Chunky Peggy Bio,"Chunky Peggy is the new game made with eco-sustainable material belonging to the Play Bio Line.
This new line, 100% Made in Italy, is characterized by the use of an exclusive biocomposite material made of wood and plastic, designed to reduce CO2 emissions on the planet.
Chunky Peggy combines the innovation of materials with the educational value of content.
The product, designed for children, allows a prolonged gaming experience to be played in complete safety.
In the kit there are many large pegs, which the child will have fun to fit together or to insert into the solid base with rounded edges.
The game develops the visual perception of the child, hand-eye coordination and fine drive.",https://www.quercettistore.com/cdn/shop/products/84162-chunky-peggy-2_grande.jpg?v=1759137205,https://www.quercettistore.com/products/chunky-peggy-gioco-neonati,,,
8007905010044,family ame hangman,,,,,,
8007905029275,Magnetic Fashion,"New looks and lots of new magnetic dresses that can be combined to create the perfect outfit. Play with Anna and Laura, the cut-out dolls to create countless new stories and have fun. The outfits can be split to experiment with even more combinations using the 57 magnetic pieces in the pack. As an extra bonus, the clothes fit all the dolls in the “Magnetic Fashion” collection! Play with Maggie to mix all styles to create new moods!
",https://www.quercettistore.com/cdn/shop/files/02935_MAGNETIC_FASHION_3Dbox_grande.jpg?v=1759136541,https://www.quercettistore.com/products/magnetic-fashion,,,
8007905054635,Magnetic Numbers,"Magnetino Numbers is a classic magnetic board with shockproof plastic frame and practical basket with handle to put everything in order after playing.
",https://www.quercettistore.com/cdn/shop/products/05183_high_1_grande.jpg?v=1653898344,https://www.quercettistore.com/products/magnetino-numbers,,,
8007905065662,Migoga Run Ocean,"Colourful balls that take off at the same time but follow different paths, through ocean currents, deep waters, tropical islands and underwater worlds, navigating vortices, straight lines and curves, on this marble track that features the shapes and colours of the ocean. There are plenty of pieces to build tracks like the ones in the illustrations, or to create completely new and original ones. Slides, bridges, columns and spirals can be easily fitted together in infinite combinations for endless fun playtime. Creativity and reasoning are indispensable in order to construct nice tracks, and more importantly functioning ones. Only high-quality, sturdy, shatterproof materials are used, in order to ensure that they fit together precisely and make for a solid structure.",https://www.quercettistore.com/cdn/shop/files/06566_MigogaRunOcean_1_grande.jpg?v=1741342843,https://www.quercettistore.com/products/migoga-ocean-piste-biglie,,,
8007905029268,Magnetic Fashion,"New looks and lots of new magnetic dresses that can be combined to create the perfect outfit. Play with Anna and Laura, the cut-out dolls to create countless new stories and have fun. The outfits can be split to experiment with even more combinations using the 57 magnetic pieces in the pack. As an extra bonus, the clothes fit all the dolls in the “Magnetic Fashion” collection! Play with Maggie to mix all styles to create new moods!
",https://www.quercettistore.com/cdn/shop/files/02935_MAGNETIC_FASHION_3Dbox_grande.jpg?v=1759136541,https://www.quercettistore.com/products/magnetic-fashion,,,
8007905054611,ABC 123 Magnetic,"48 letters, 48 magnetic numbers and 10 magnets to compose the first words, to do the first operations or to write colourful messages on the refrigerator door or on any metal surface.
",https://www.quercettistore.com/cdn/shop/files/05465_ABC_123Magnetic_1_grande.jpg?v=1741341540,https://www.quercettistore.com/products/abc-123-magnetic,,,
8007905044216,MAGNETIC DRESS UP - Carnival,,,,,,
8007905065600,Migoga Race,"A challenge down to the last marble with the Migoga Race marble run. The special “marble launcher” lets you launch up to 8 balls at the same time. But don’t be fooled by the starting position - anyone can win, whatever position they have at the starting grid. The 8 marbles, all different colours, can take different routes. They may get caught up in forks in the road, multiple rails, obstacles or traps. It’s easy to tell who the winner is with the new numbered finishing grid.",https://www.quercettistore.com/cdn/shop/products/6560-migoga-race-marble-run-1_grande.jpg?v=1598633303,https://www.quercettistore.com/products/migoga-race,,,
8007905007686,Pixel Art Basic,"Create a mosaic with pegs!
Fantastic mosaics with frames, to be assembled with pegs. This toys helps to support concentration.",https://www.quercettistore.com/cdn/shop/products/00768_high_1_grande.jpg?v=1676020718,https://www.quercettistore.com/products/pixel-art-basic-1,,,
8007905010037,Quercetti - Battleship,,,,,,
8007905023341,Quercetti-Georello Farm 3D Creations,,,,,,
8007905028612,Quercetti Tap Tap Set,,,,,,
8007905052853,Combi Abc+123,"Read, count and draw! Two games in one big multifunctional case: on one side you learn to read and count with magnetic letters and numbers while on the other side you can write and draw on a fantastic wipe-out board with the included dry markers. It will be fun to write your first words and mathematical operations with the help of our specifically designed selection of magnetic cards. Combi ABC+123 has a very nice and catchy design and everything is made with rounded edges and is easy and safe to handle. With simple intuitive movements, your child can effortlessly put the screen up, and quickly turn it down and over. Thanks to its practical handle, the set can be carried everywhere. Combi ABC+123 is a wonderful educational game, which boosts basic pre-literacy and mathematical skills while stimulating creativity and fine motor skills.",https://www.quercettistore.com/cdn/shop/products/05285_high_1_grande.jpg?v=1668418617,https://www.quercettistore.com/products/combi-gioco-lettere-numeri,,,
8007905066058,Skyrail League,"Challenge your friends in amazing Olympic races with Skyrail League! Two parallel tracks with simultaneous starting for the marbles. Build loops, jumps, bends and straight lines for ever different tracks and exciting races... Let the challenge begin!By playing with the Skyrail line, you can experiment with some basic rules of physics, such as gravity, speed, and centrifugal force.
",https://www.quercettistore.com/cdn/shop/products/6605_high_1_2400x2400px-min_grande.jpg?v=1631892085,https://www.quercettistore.com/products/skyrail-league,,,
8007905809341,Fantacolor Eco,"New design for the classic peg game, with tablet and basket to put everything in place. 4 patterns cards with examples to copy are included.",https://www.quercettistore.com/cdn/shop/files/thumbnail_80934_FantaColor_Eco_300dpi_1_grande.jpg?v=1697632580,https://www.quercettistore.com/products/fantacolor-eco,,,
8007905841907,Fantacolor Junior Eco,The classic mosaic button game that entertains and engages children worldwide. Just insert the coloured buttons in the holes in the 8 illustrated cards or simply follow your imagination!,https://www.quercettistore.com/cdn/shop/products/84190_high_1_grande.jpg?v=1675960780,https://www.quercettistore.com/products/fantacolor-junior-eco,,,
8007905861653,Quercetti - Tecno Jumbo Creator Play Bio 45pc Set,,,,,,
