Picture,Number,Name(Zh),Name(En),Name(Es),Name(It),Category,Custom Category,Brand,Custom Brand,UPC Code,Origin(UPC),Description,IPK Code,Origin(IPK),Case Code,Origin(Case),Craft(Zh),Craft(En),Craft(Es),Craft(It),Case Rate,Case Length(ft),Case Width(ft),Case Height(ft),Case Cube(ft³),Case Weight(lb),Layer Rate(Case),Pallet Rate(Case),IPK Rate,IPK Length(ft),IPK Width(ft),IPK Height(ft),IPK Cube(ft³),IPK Weight(lb),Layer Rate(IPK),Pallet Rate(IPK),Dozen Rate,Dozen Length(ft),Dozen Width(ft),Dozen Height(ft),Dozen Cube(ft³),Dozen Weight(lb),Layer Rate(Dozen),Pallet Rate(Dozen),Piece Length(ft),Piece Width(ft),Piece Height(ft),Piece Cube(ft³),Piece Weight(lb),Layer Rate(Piece),Pallet Rate(Piece),Future Sale Manage Rate
,,SQUIRT LIGHTER,SQUIRT LIGHTER,SQUIRT LIGHTER,SQUIRT LIGHTER,Others,Activity & Ride-On Toys,Rhode Island,Rhode Island,97138962812,9.71E+10,,,,,,,,,,,,,,,,,,,,,,,,,,,,,,,,,,,,,,,,,
,,STRETCHY HANDCUFFS,STRETCHY HANDCUFFS,STRETCHY HANDCUFFS,STRETCHY HANDCUFFS,Others,Activity & Ride-On Toys,Rhode Island,Rhode Island,97138756008,9.71E+10,,,,,,,,,,,,,,,,,,,,,,,,,,,,,,,,,,,,,,,,,
,SB-SOCBA,Size 5 Soccer Ball,Size 5 Soccer Ball,Size 5 Soccer Ball,Size 5 Soccer Ball,Others,Activity & Ride-On Toys,Rhode Island,Rhode Island,97138959850,9.71E+10,,,,,,,,,,,,,,,,,,,,,,,,,,,,,,,,,,,,,,,,,
,,Neon Wrist Band Return Ball,Neon Wrist Band Return Ball,Neon Wrist Band Return Ball,Neon Wrist Band Return Ball,Others,Activity & Ride-On Toys,Rhode Island,Rhode Island,97138949530,9.71E+10,,,,,,,,,,,,,,,,,,,,,,,,,,,,,,,,,,,,,,,,,
,,STREET HOCKEY: STICKS & PUCK & BALL,STREET HOCKEY: STICKS & PUCK & BALL,STREET HOCKEY: STICKS & PUCK & BALL,STREET HOCKEY: STICKS & PUCK & BALL,Others,Activity & Ride-On Toys,Rhode Island,Rhode Island,97138926203,9.71E+10,,,,,,,,,,,,,,,,,,,,,,,,,,,,,,,,,,,,,,,,,
,,HARD BASEBALL,HARD BASEBALL,HARD BASEBALL,HARD BASEBALL,Others,Activity & Ride-On Toys,Rhode Island,Rhode Island,97138663023,9.71E+10,,,,,,,,,,,,,,,,,,,,,,,,,,,,,,,,,,,,,,,,,
,,jump rope,jump rope,jump rope,jump rope,Others,Activity & Ride-On Toys,Rhode Island,Rhode Island,97138610416,9.71E+10,,,,,,,,,,,,,,,,,,,,,,,,,,,,,,,,,,,,,,,,,
,,usa flag basketball,usa flag basketball,usa flag basketball,usa flag basketball,Others,Activity & Ride-On Toys,Rhode Island,Rhode Island,97138835802,9.71E+10,,,,,,,,,,,,,,,,,,,,,,,,,,,,,,,,,,,,,,,,,
,,PADD;E GAME,PADD;E GAME,PADD;E GAME,PADD;E GAME,Others,Activity & Ride-On Toys,Rhode Island,Rhode Island,97138677235,9.71E+10,,,,,,,,,,,,,,,,,,,,,,,,,,,,,,,,,,,,,,,,,
,,dollar design football,dollar design football,dollar design football,dollar design football,Others,Activity & Ride-On Toys,Rhode Island,Rhode Island,97138819642,9.71E+10,,,,,,,,,,,,,,,,,,,,,,,,,,,,,,,,,,,,,,,,,
,GA-PBFUN,"10"" Fun Saying Paddle Ball Assortment","10"" Fun Saying Paddle Ball Assortment","10"" Fun Saying Paddle Ball Assortment","10"" Fun Saying Paddle Ball Assortment",Others,Activity & Ride-On Toys,Rhode Island,Rhode Island,97138954596,9.71E+10,,,,,,,,,,,,,,,,,,,,,,,,,,,,,,,,,,,,,,,,,
,,Jump Rope-7ft,Jump Rope-7ft,Jump Rope-7ft,Jump Rope-7ft,Others,Activity & Ride-On Toys,Rhode Island,Rhode Island,97138952684,9.71E+10,,,,,,,,,,,,,,,,,,,,,,,,,,,,,,,,,,,,,,,,,
,,Squish Mesh Ball,Squish Mesh Ball,Squish Mesh Ball,Squish Mesh Ball,Others,Activity & Ride-On Toys,Rhode Island,Rhode Island,97138949905,9.71E+10,,,,,,,,,,,,,,,,,,,,,,,,,,,,,,,,,,,,,,,,,
,BA-WRISP,Sports Wrist Band Return Bal,Sports Wrist Band Return Bal,Sports Wrist Band Return Bal,Sports Wrist Band Return Bal,Others,Activity & Ride-On Toys,Rhode Island,Rhode Island,97138949288,9.71E+10,,,,,,,,,,,,,,,,,,,,,,,,,,,,,,,,,,,,,,,,,
,,PADDLE BALL GAME,PADDLE BALL GAME,PADDLE BALL GAME,PADDLE BALL GAME,Others,Activity & Ride-On Toys,Rhode Island,Rhode Island,97138944399,9.71E+10,,,,,,,,,,,,,,,,,,,,,,,,,,,,,,,,,,,,,,,,,
,TY-BADBO,Jumbo Badminton Racket,Jumbo Badminton Racket,Jumbo Badminton Racket,Jumbo Badminton Racket,Others,Activity & Ride-On Toys,Rhode Island,Rhode Island,97138931085,9.71E+10,,,,,,,,,,,,,,,,,,,,,,,,,,,,,,,,,,,,,,,,,
,TY-JUMTE,Jumbo Tennis Racket Set,Jumbo Tennis Racket Set,Jumbo Tennis Racket Set,Jumbo Tennis Racket Set,Others,Activity & Ride-On Toys,Rhode Island,Rhode Island,97138931078,9.71E+10,,,,,,,,,,,,,,,,,,,,,,,,,,,,,,,,,,,,,,,,,
,,metal slinky,metal slinky,metal slinky,metal slinky,Others,Activity & Ride-On Toys,Rhode Island,Rhode Island,97138930156,9.71E+10,,,,,,,,,,,,,,,,,,,,,,,,,,,,,,,,,,,,,,,,,
,,JUMBO BADMINTON SET,JUMBO BADMINTON SET,JUMBO BADMINTON SET,JUMBO BADMINTON SET,Others,Activity & Ride-On Toys,Rhode Island,Rhode Island,97138929778,9.71E+10,,,,,,,,,,,,,,,,,,,,,,,,,,,,,,,,,,,,,,,,,
,,NEON PADDLE BALL,NEON PADDLE BALL,NEON PADDLE BALL,NEON PADDLE BALL,Others,Activity & Ride-On Toys,Rhode Island,Rhode Island,97138683007,9.71E+10,,,,,,,,,,,,,,,,,,,,,,,,,,,,,,,,,,,,,,,,,
,,LARGE METAL SLINKY,LARGE METAL SLINKY,LARGE METAL SLINKY,LARGE METAL SLINKY,Others,Activity & Ride-On Toys,Rhode Island,Rhode Island,97138777096,9.71E+10,,,,,,,,,,,,,,,,,,,,,,,,,,,,,,,,,,,,,,,,,
,,LIGHT UP JUMP ROBE,LIGHT UP JUMP ROBE,LIGHT UP JUMP ROBE,LIGHT UP JUMP ROBE,Others,Activity & Ride-On Toys,Rhode Island,Rhode Island,97138894991,9.71E+10,,,,,,,,,,,,,,,,,,,,,,,,,,,,,,,,,,,,,,,,,
,,NINJA WEAPON SET,NINJA WEAPON SET,NINJA WEAPON SET,NINJA WEAPON SET,Others,Activity & Ride-On Toys,Rhode Island,Rhode Island,97138893611,9.71E+10,,,,,,,,,,,,,,,,,,,,,,,,,,,,,,,,,,,,,,,,,
,,Rubber Pink High Bounce Ball,Rubber Pink High Bounce Ball,Rubber Pink High Bounce Ball,Rubber Pink High Bounce Ball,Others,Activity & Ride-On Toys,Rhode Island,Rhode Island,97138883049,9.71E+10,,,,,,,,,,,,,,,,,,,,,,,,,,,,,,,,,,,,,,,,,
,TY-BOPON,"22"" Bouncing Pony","22"" Bouncing Pony","22"" Bouncing Pony","22"" Bouncing Pony",Others,Activity & Ride-On Toys,Rhode Island,Rhode Island,97138869050,9.71E+10,,,,,,,,,,,,,,,,,,,,,,,,,,,,,,,,,,,,,,,,,
,,BASKETBALL,BASKETBALL,BASKETBALL,BASKETBALL,Others,Activity & Ride-On Toys,Rhode Island,Rhode Island,97138836502,9.71E+10,,,,,,,,,,,,,,,,,,,,,,,,,,,,,,,,,,,,,,,,,
,,"8"" FOAM FOOTBALL","8"" FOAM FOOTBALL","8"" FOAM FOOTBALL","8"" FOAM FOOTBALL",Others,Activity & Ride-On Toys,Rhode Island,Rhode Island,97138645289,9.71E+10,,,,,,,,,,,,,,,,,,,,,,,,,,,,,,,,,,,,,,,,,
,,ball launcher,ball launcher,ball launcher,ball launcher,Others,Activity & Ride-On Toys,Rhode Island,Rhode Island,97138621566,9.71E+10,,,,,,,,,,,,,,,,,,,,,,,,,,,,,,,,,,,,,,,,,
,,ADULT COWBOY HAT,ADULT COWBOY HAT,ADULT COWBOY HAT,ADULT COWBOY HAT,Others,Adult Purim Costumes & Accessories,Rhode Island,Rhode Island,97138771933,9.71E+10,,,,,,,,,,,,,,,,,,,,,,,,,,,,,,,,,,,,,,,,,
,,PIRATE EYE PATCH,PIRATE EYE PATCH,PIRATE EYE PATCH,PIRATE EYE PATCH,Others,Adult Purim Costumes & Accessories,Rhode Island,Rhode Island,97138858375,9.71E+10,,,,,,,,,,,,,,,,,,,,,,,,,,,,,,,,,,,,,,,,,
,,PINK STRIPES HAT,PINK STRIPES HAT,PINK STRIPES HAT,PINK STRIPES HAT,Others,Adult Purim Costumes & Accessories,Rhode Island,Rhode Island,97138774293,9.71E+10,,,,,,,,,,,,,,,,,,,,,,,,,,,,,,,,,,,,,,,,,
,,HAT,HAT,HAT,HAT,Others,Adult Purim Costumes & Accessories,Rhode Island,Rhode Island,97138722799,9.71E+10,,,,,,,,,,,,,,,,,,,,,,,,,,,,,,,,,,,,,,,,,
,,HAT,HAT,HAT,HAT,Others,Adult Purim Costumes & Accessories,Rhode Island,Rhode Island,97138894397,9.71E+10,,,,,,,,,,,,,,,,,,,,,,,,,,,,,,,,,,,,,,,,,
,,hat,hat,hat,hat,Others,Adult Purim Costumes & Accessories,Rhode Island,Rhode Island,97138730787,9.71E+10,,,,,,,,,,,,,,,,,,,,,,,,,,,,,,,,,,,,,,,,,
,,TIE DYE HAT,TIE DYE HAT,TIE DYE HAT,TIE DYE HAT,Others,Adult Purim Costumes & Accessories,Rhode Island,Rhode Island,97138642462,9.71E+10,,,,,,,,,,,,,,,,,,,,,,,,,,,,,,,,,,,,,,,,,
,,GLASSES,GLASSES,GLASSES,GLASSES,Others,Adult Purim Costumes & Accessories,Rhode Island,Rhode Island,97138611697,9.71E+10,,,,,,,,,,,,,,,,,,,,,,,,,,,,,,,,,,,,,,,,,
,,HAT,HAT,HAT,HAT,Others,Adult Purim Costumes & Accessories,Rhode Island,Rhode Island,97138682635,9.71E+10,,,,,,,,,,,,,,,,,,,,,,,,,,,,,,,,,,,,,,,,,
,,GLASSES,GLASSES,GLASSES,GLASSES,Others,Adult Purim Costumes & Accessories,Rhode Island,Rhode Island,97138753069,9.71E+10,,,,,,,,,,,,,,,,,,,,,,,,,,,,,,,,,,,,,,,,,
,,GLASSES,GLASSES,GLASSES,GLASSES,Others,Adult Purim Costumes & Accessories,Rhode Island,Rhode Island,97138704993,9.71E+10,,,,,,,,,,,,,,,,,,,,,,,,,,,,,,,,,,,,,,,,,
,,GLASSES,GLASSES,GLASSES,GLASSES,Others,Adult Purim Costumes & Accessories,Rhode Island,Rhode Island,97138775320,9.71E+10,,,,,,,,,,,,,,,,,,,,,,,,,,,,,,,,,,,,,,,,,
,TKC-LIBUB,"T13 2.5"" KAWAII ANIMAL BUBBLE TEA LIQUID CLIP ON","T13 2.5"" KAWAII ANIMAL BUBBLE TEA LIQUID CLIP ON","T13 2.5"" KAWAII ANIMAL BUBBLE TEA LIQUID CLIP ON","T13 2.5"" KAWAII ANIMAL BUBBLE TEA LIQUID CLIP ON",Others,Animal & Nature Play,Rhode Island,Rhode Island,97138973146,9.71E+10,,,,,,,,,,,,,,,,,,,,,,,,,,,,,,,,,,,,,,,,,
,TKC-LISMO,"T13 3"" KAWAII ANIMAL SMOOTHIE LIQUID CLIP ON (24P","T13 3"" KAWAII ANIMAL SMOOTHIE LIQUID CLIP ON (24P","T13 3"" KAWAII ANIMAL SMOOTHIE LIQUID CLIP ON (24P","T13 3"" KAWAII ANIMAL SMOOTHIE LIQUID CLIP ON (24P",Others,Animal & Nature Play,Rhode Island,Rhode Island,97138973160,9.71E+10,,,,,,,,,,,,,,,,,,,,,,,,,,,,,,,,,,,,,,,,,
,TKC-KAMIL,"T13 2"" KAWAII ANIMAL MILK CARTON LIQUID CLIP ON","T13 2"" KAWAII ANIMAL MILK CARTON LIQUID CLIP ON","T13 2"" KAWAII ANIMAL MILK CARTON LIQUID CLIP ON","T13 2"" KAWAII ANIMAL MILK CARTON LIQUID CLIP ON",Others,Animal & Nature Play,Rhode Island,Rhode Island,97138973177,9.71E+10,,,,,,,,,,,,,,,,,,,,,,,,,,,,,,,,,,,,,,,,,
,KC-LILOO,Light-Up Loop Ball Backpack Clip,Light-Up Loop Ball Backpack Clip,Light-Up Loop Ball Backpack Clip,Light-Up Loop Ball Backpack Clip,Others,Backpacks & Pencil Cases,Rhode Island,Rhode Island,97138976611,9.71E+10,,,,,,,,,,,,,,,,,,,,,,,,,,,,,,,,,,,,,,,,,
,RD-DUCK3,RUBBER DUCKY,RUBBER DUCKY,RUBBER DUCKY,RUBBER DUCKY,Others,Bath & Water Play,Rhode Island,Rhode Island,97138640338,9.71E+10,,,,,,,,,,,,,,,,,,,,,,,,,,,,,,,,,,,,,,,,,
,,RUBBER DUCK,RUBBER DUCK,RUBBER DUCK,RUBBER DUCK,Others,Bath & Water Play,Rhode Island,Rhode Island,97138616395,9.71E+10,,,,,,,,,,,,,,,,,,,,,,,,,,,,,,,,,,,,,,,,,
,,Rubber Ducky,Rubber Ducky,Rubber Ducky,Rubber Ducky,Others,Bath & Water Play,Rhode Island,Rhode Island,97138747662,9.71E+10,,,,,,,,,,,,,,,,,,,,,,,,,,,,,,,,,,,,,,,,,
,,RUBBER CHINKEN,RUBBER CHINKEN,RUBBER CHINKEN,RUBBER CHINKEN,Others,Bath & Water Play,Rhode Island,Rhode Island,97138929266,9.71E+10,,,,,,,,,,,,,,,,,,,,,,,,,,,,,,,,,,,,,,,,,
,CA-WATSM,"4.75"" SMILE WATER WIGGLER","4.75"" SMILE WATER WIGGLER","4.75"" SMILE WATER WIGGLER","4.75"" SMILE WATER WIGGLER",Others,Bath & Water Play,Rhode Island,Rhode Island,97138626745,9.71E+10,,,,,,,,,,,,,,,,,,,,,,,,,,,,,,,,,,,,,,,,,
,GA-WGICE,"T13 ICE CREAM WATER GAME 45"" (24PCS/DISP)","T13 ICE CREAM WATER GAME 45"" (24PCS/DISP)","T13 ICE CREAM WATER GAME 45"" (24PCS/DISP)","T13 ICE CREAM WATER GAME 45"" (24PCS/DISP)",Others,Bath & Water Play,Rhode Island,Rhode Island,97138966384,9.71E+10,,,,,,,,,,,,,,,,,,,,,,,,,,,,,,,,,,,,,,,,,
,YO-YOYO2,PREMIUM YO-YO,PREMIUM YO-YO,PREMIUM YO-YO,PREMIUM YO-YO,Others,Board & Classic Games,Rhode Island,Rhode Island,97138915665,9.71E+10,,,,,,,,,,,,,,,,,,,,,,,,,,,,,,,,,,,,,,,,,
,CA-ALISS,ALIEN SLINGSHOT,ALIEN SLINGSHOT,ALIEN SLINGSHOT,ALIEN SLINGSHOT,Others,Board & Classic Games,Rhode Island,Rhode Island,97138770219,9.71E+10,,,,,,,,,,,,,,,,,,,,,,,,,,,,,,,,,,,,,,,,,
,CA-FORO4,FOAM DART BLASTER,FOAM DART BLASTER,FOAM DART BLASTER,FOAM DART BLASTER,Others,Board & Classic Games,Rhode Island,Rhode Island,97138913197,9.71E+10,,,,,,,,,,,,,,,,,,,,,,,,,,,,,,,,,,,,,,,,,
,CA-JUMCH,CHINESE JUMP ROPE,CHINESE JUMP ROPE,CHINESE JUMP ROPE,CHINESE JUMP ROPE,Others,Board & Classic Games,Rhode Island,Rhode Island,97138616852,9.71E+10,,,,,,,,,,,,,,,,,,,,,,,,,,,,,,,,,,,,,,,,,
,,chicken slingshot,chicken slingshot,chicken slingshot,chicken slingshot,Others,Board & Classic Games,Rhode Island,Rhode Island,97138770202,9.71E+10,,,,,,,,,,,,,,,,,,,,,,,,,,,,,,,,,,,,,,,,,
,,Tic Tac Toe,Tic Tac Toe,Tic Tac Toe,Tic Tac Toe,Others,Board & Classic Games,Rhode Island,Rhode Island,97138612120,9.71E+10,,,,,,,,,,,,,,,,,,,,,,,,,,,,,,,,,,,,,,,,,
,GA-WOCHE,Wooden Chess Set,Wooden Chess Set,Wooden Chess Set,Wooden Chess Set,Others,Board & Classic Games,Rhode Island,Rhode Island,97138923547,9.71E+10,,,,,,,,,,,,,,,,,,,,,,,,,,,,,,,,,,,,,,,,,
,,MINI PING PONG,MINI PING PONG,MINI PING PONG,MINI PING PONG,Others,Board & Classic Games,Rhode Island,Rhode Island,97138822895,9.71E+10,,,,,,,,,,,,,,,,,,,,,,,,,,,,,,,,,,,,,,,,,
,CS-META1,METAL SLINKY,METAL SLINKY,METAL SLINKY,METAL SLINKY,Others,Brain Teasers & Solo Play,Rhode Island,Rhode Island,97138663061,9.71E+10,,,,,,,,,,,,,,,,,,,,,,,,,,,,,,,,,,,,,,,,,
,CS-META2,METAL SLINGY,METAL SLINGY,METAL SLINGY,METAL SLINGY,Others,Brain Teasers & Solo Play,Rhode Island,Rhode Island,97138664525,9.71E+10,,,,,,,,,,,,,,,,,,,,,,,,,,,,,,,,,,,,,,,,,
,CS-COI80,"(T) 3"" (80mm) Coil Spring","(T) 3"" (80mm) Coil Spring","(T) 3"" (80mm) Coil Spring","(T) 3"" (80mm) Coil Spring",Others,Brain Teasers & Solo Play,Rhode Island,Rhode Island,97138611321,9.71E+10,,,,,,,,,,,,,,,,,,,,,,,,,,,,,,,,,,,,,,,,,
,,SLINKY,SLINKY,SLINKY,SLINKY,Others,Brain Teasers & Solo Play,Rhode Island,Rhode Island,97138600226,9.71E+10,,,,,,,,,,,,,,,,,,,,,,,,,,,,,,,,,,,,,,,,,
,TY-TOO12,(T) 12pc Handyman Tool Set,(T) 12pc Handyman Tool Set,(T) 12pc Handyman Tool Set,(T) 12pc Handyman Tool Set,Others,"Bricks, Blocks & Building Sets",Rhode Island,Rhode Island,97138932839,9.71E+10,,,,,,,,,,,,,,,,,,,,,,,,,,,,,,,,,,,,,,,,,
,GA-MINTU,"(T) Mini Tumbling Towers Game 3.75""","(T) Mini Tumbling Towers Game 3.75""","(T) Mini Tumbling Towers Game 3.75""","(T) Mini Tumbling Towers Game 3.75""",Others,"Bricks, Blocks & Building Sets",Rhode Island,Rhode Island,97138932150,9.71E+10,,,,,,,,,,,,,,,,,,,,,,,,,,,,,,,,,,,,,,,,,
,,SQUIRT CALCULATOR,SQUIRT CALCULATOR,SQUIRT CALCULATOR,SQUIRT CALCULATOR,Others,Calculator,Rhode Island,Rhode Island,97138954428,9.71E+10,,,,,,,,,,,,,,,,,,,,,,,,,,,,,,,,,,,,,,,,,
,VE-PSCON,(T) 15pc Die-Cast Construction Vehicles Play Set,(T) 15pc Die-Cast Construction Vehicles Play Set,(T) 15pc Die-Cast Construction Vehicles Play Set,(T) 15pc Die-Cast Construction Vehicles Play Set,Others,Cars & Trucks,Rhode Island,Rhode Island,97138936424,9.71E+10,,,,,,,,,,,,,,,,,,,,,,,,,,,,,,,,,,,,,,,,,
,VE-PSMIL,(T) 15pc Die-Cast Military Play Set,(T) 15pc Die-Cast Military Play Set,(T) 15pc Die-Cast Military Play Set,(T) 15pc Die-Cast Military Play Set,Others,Cars & Trucks,Rhode Island,Rhode Island,97138929440,9.71E+10,,,,,,,,,,,,,,,,,,,,,,,,,,,,,,,,,,,,,,,,,
,VE-PSFIR,(T) 15pc Die-Cast Fire Fighter Play Set,(T) 15pc Die-Cast Fire Fighter Play Set,(T) 15pc Die-Cast Fire Fighter Play Set,(T) 15pc Die-Cast Fire Fighter Play Set,Others,Cars & Trucks,Rhode Island,Rhode Island,97138929426,9.71E+10,,,,,,,,,,,,,,,,,,,,,,,,,,,,,,,,,,,,,,,,,
,VE-DICAG,"(T) 10pc 2.75"" Die-Cast Race Car Set","(T) 10pc 2.75"" Die-Cast Race Car Set","(T) 10pc 2.75"" Die-Cast Race Car Set","(T) 10pc 2.75"" Die-Cast Race Car Set",Others,Cars & Trucks,Rhode Island,Rhode Island,97138639325,9.71E+10,,,,,,,,,,,,,,,,,,,,,,,,,,,,,,,,,,,,,,,,,
,,PIRATE TEETH,PIRATE TEETH,PIRATE TEETH,PIRATE TEETH,Others,Character & Licensed Plush,Rhode Island,Rhode Island,97138954442,9.71E+10,,,,,,,,,,,,,,,,,,,,,,,,,,,,,,,,,,,,,,,,,
,GW-RIFI9,POLICE GUN TOY RIFLE,POLICE GUN TOY RIFLE,POLICE GUN TOY RIFLE,POLICE GUN TOY RIFLE,Others,Character & Licensed Plush,Rhode Island,Rhode Island,97138916006,9.71E+10,,,,,,,,,,,,,,,,,,,,,,,,,,,,,,,,,,,,,,,,,
,,PIRATE 5PC SET,PIRATE 5PC SET,PIRATE 5PC SET,PIRATE 5PC SET,Others,Character Figures,Rhode Island,Rhode Island,97138795328,9.71E+10,,,,,,,,,,,,,,,,,,,,,,,,,,,,,,,,,,,,,,,,,
,PFQEA05,QUBZ EMOTICON,QUBZ EMOTICON,QUBZ EMOTICON,QUBZ EMOTICON,Others,Character Plush,Rhode Island,Rhode Island,97138842800,9.71E+10,,,,,,,,,,,,,,,,,,,,,,,,,,,,,,,,,,,,,,,,,
,,FIREMAN FIRST RESPONSE,FIREMAN FIRST RESPONSE,FIREMAN FIRST RESPONSE,FIREMAN FIRST RESPONSE,Others,Character Plush,Rhode Island,Rhode Island,97138916105,9.71E+10,,,,,,,,,,,,,,,,,,,,,,,,,,,,,,,,,,,,,,,,,
,,STICKY HAND,STICKY HAND,STICKY HAND,STICKY HAND,Others,Community Helpers Play,Rhode Island,Rhode Island,97138610744,9.71E+10,,,,,,,,,,,,,,,,,,,,,,,,,,,,,,,,,,,,,,,,,
,,SCREAMERZ,SCREAMERZ,SCREAMERZ,SCREAMERZ,Others,Craft Kits Beads & DIY,Rhode Island,Rhode Island,97138768582,9.71E+10,,,,,,,,,,,,,,,,,,,,,,,,,,,,,,,,,,,,,,,,,
,,101 PCS ART SET,101 PCS ART SET,101 PCS ART SET,101 PCS ART SET,Others,Craft Kits Beads & DIY,Rhode Island,Rhode Island,97138725202,9.71E+10,,,,,,,,,,,,,,,,,,,,,,,,,,,,,,,,,,,,,,,,,
,2444,3 PCS EMOJI PENCIL,3 PCS EMOJI PENCIL,3 PCS EMOJI PENCIL,3 PCS EMOJI PENCIL,Others,Craft Kits Beads & DIY,Rhode Island,Rhode Island,7.86E+11,7.86E+11,,,,,,,,,,,,,,,,,,,,,,,,,,,,,,,,,,,,,,,,,
,,GLITTER COIN PURSE,GLITTER COIN PURSE,GLITTER COIN PURSE,GLITTER COIN PURSE,Others,Craft Kits Beads & DIY,Rhode Island,Rhode Island,97138982827,9.71E+10,,,,,,,,,,,,,,,,,,,,,,,,,,,,,,,,,,,,,,,,,
,,Pin-Art,Pin-Art,Pin-Art,Pin-Art,Others,Craft Kits Beads & DIY,Rhode Island,Rhode Island,97138776044,9.71E+10,,,,,,,,,,,,,,,,,,,,,,,,,,,,,,,,,,,,,,,,,
,,12 BEADS,12 BEADS,12 BEADS,12 BEADS,Others,Craft Kits Beads & DIY,Rhode Island,Rhode Island,97138726407,9.71E+10,,,,,,,,,,,,,,,,,,,,,,,,,,,,,,,,,,,,,,,,,
,,12 BEADS,12 BEADS,12 BEADS,12 BEADS,Others,Craft Kits Beads & DIY,Rhode Island,Rhode Island,97138641724,9.71E+10,,,,,,,,,,,,,,,,,,,,,,,,,,,,,,,,,,,,,,,,,
,,Make Your Own Ball Kit,Make Your Own Ball Kit,Make Your Own Ball Kit,Make Your Own Ball Kit,Others,Craft Kits Beads & DIY,Rhode Island,Rhode Island,97138632432,9.71E+10,,,,,,,,,,,,,,,,,,,,,,,,,,,,,,,,,,,,,,,,,
,RP-22287,Rainbow Pin Art 4.5in,Rainbow Pin Art 4.5in,Rainbow Pin Art 4.5in,Rainbow Pin Art 4.5in,Others,Craft Kits Beads & DIY,Rhode Island,Rhode Island,7.59E+11,7.59E+11,,,,,,,,,,,,,,,,,,,,,,,,,,,,,,,,,,,,,,,,,
,TY-PRISE,PRINCESS SET,PRINCESS SET,PRINCESS SET,PRINCESS SET,Others,Dress-Up Sets,Rhode Island,Rhode Island,97138774026,9.71E+10,,,,,,,,,,,,,,,,,,,,,,,,,,,,,,,,,,,,,,,,,
,TY-BEAME,"(T) Medium Beauty Set 8.25""x14.5""","(T) Medium Beauty Set 8.25""x14.5""","(T) Medium Beauty Set 8.25""x14.5""","(T) Medium Beauty Set 8.25""x14.5""",Others,Dress-Up Sets,Rhode Island,Rhode Island,97138913272,9.71E+10,,,,,,,,,,,,,,,,,,,,,,,,,,,,,,,,,,,,,,,,,
,,MERMAID PURSE,MERMAID PURSE,MERMAID PURSE,MERMAID PURSE,Others,Dress-Up Sets,Rhode Island,Rhode Island,97138876904,9.71E+10,,,,,,,,,,,,,,,,,,,,,,,,,,,,,,,,,,,,,,,,,
,,PURSE,PURSE,PURSE,PURSE,Others,Dress-Up Sets,Rhode Island,Rhode Island,97138786975,9.71E+10,,,,,,,,,,,,,,,,,,,,,,,,,,,,,,,,,,,,,,,,,
,,GIRLS CROWN,GIRLS CROWN,GIRLS CROWN,GIRLS CROWN,Others,Dress-Up Sets,Rhode Island,Rhode Island,97138674043,9.71E+10,,,,,,,,,,,,,,,,,,,,,,,,,,,,,,,,,,,,,,,,,
,,RAINBOW GLITTER CAP,RAINBOW GLITTER CAP,RAINBOW GLITTER CAP,RAINBOW GLITTER CAP,Others,Dress-Up Sets,Rhode Island,Rhode Island,97138920096,9.71E+10,,,,,,,,,,,,,,,,,,,,,,,,,,,,,,,,,,,,,,,,,
,,light up princess stick,light up princess stick,light up princess stick,light up princess stick,Others,Dress-Up Sets,Rhode Island,Rhode Island,97138788184,9.71E+10,,,,,,,,,,,,,,,,,,,,,,,,,,,,,,,,,,,,,,,,,
,,CROWN,CROWN,CROWN,CROWN,Others,Dress-Up Sets,Rhode Island,Rhode Island,97138709639,9.71E+10,,,,,,,,,,,,,,,,,,,,,,,,,,,,,,,,,,,,,,,,,
,,CROWN,CROWN,CROWN,CROWN,Others,Dress-Up Sets,Rhode Island,Rhode Island,97138709646,9.71E+10,,,,,,,,,,,,,,,,,,,,,,,,,,,,,,,,,,,,,,,,,
,FR-SANVA,Sand Valley Scene Scape,Sand Valley Scene Scape,Sand Valley Scene Scape,Sand Valley Scene Scape,Others,Early Learning & Development,Rhode Island,Rhode Island,97138966834,9.71E+10,,,,,,,,,,,,,,,,,,,,,,,,,,,,,,,,,,,,,,,,,
,,LASER FINGER,LASER FINGER,LASER FINGER,LASER FINGER,Others,Electronic Games,Rhode Island,Rhode Island,97138785664,9.71E+10,,,,,,,,,,,,,,,,,,,,,,,,,,,,,,,,,,,,,,,,,
,GA-FISWA,Fish Water Game,Fish Water Game,Fish Water Game,Fish Water Game,Others,Electronic Games,Rhode Island,Rhode Island,97138674579,9.71E+10,,,,,,,,,,,,,,,,,,,,,,,,,,,,,,,,,,,,,,,,,
,GL-TIARA,TIARA BLINKING,TIARA BLINKING,TIARA BLINKING,TIARA BLINKING,Others,Electronic Games,Rhode Island,Rhode Island,97138669063,9.71E+10,,,,,,,,,,,,,,,,,,,,,,,,,,,,,,,,,,,,,,,,,
,GA-DTSAN,"(T) 6"" Desktop Sandbag Game","(T) 6"" Desktop Sandbag Game","(T) 6"" Desktop Sandbag Game","(T) 6"" Desktop Sandbag Game",Others,Electronic Games,Rhode Island,Rhode Island,97138969996,9.71E+10,,,,,,,,,,,,,,,,,,,,,,,,,,,,,,,,,,,,,,,,,
,GA-DTCOI,"4.5"" Desktop Coin Bouncing Game","4.5"" Desktop Coin Bouncing Game","4.5"" Desktop Coin Bouncing Game","4.5"" Desktop Coin Bouncing Game",Others,Electronic Games,Rhode Island,Rhode Island,97138955586,9.71E+10,,,,,,,,,,,,,,,,,,,,,,,,,,,,,,,,,,,,,,,,,
,,light up chain,light up chain,light up chain,light up chain,Others,Electronic Games,Rhode Island,Rhode Island,97138918192,9.71E+10,,,,,,,,,,,,,,,,,,,,,,,,,,,,,,,,,,,,,,,,,
,,eraser,eraser,eraser,eraser,Others,Erasers & Rulers,Rhode Island,Rhode Island,97138616999,9.71E+10,,,,,,,,,,,,,,,,,,,,,,,,,,,,,,,,,,,,,,,,,
,GA-METP4,Metal Wire Fidget Puzzle,Metal Wire Fidget Puzzle,Metal Wire Fidget Puzzle,Metal Wire Fidget Puzzle,Others,Fidgets,Rhode Island,Rhode Island,97138963420,9.71E+10,,,,,,,,,,,,,,,,,,,,,,,,,,,,,,,,,,,,,,,,,
,TKC-ICEPG,"T13 2.5"" ICE POP GLITTER CLIP ON (24PCS/DISPLAY)","T13 2.5"" ICE POP GLITTER CLIP ON (24PCS/DISPLAY)","T13 2.5"" ICE POP GLITTER CLIP ON (24PCS/DISPLAY)","T13 2.5"" ICE POP GLITTER CLIP ON (24PCS/DISPLAY)",Others,Fidgets,Rhode Island,Rhode Island,97138973092,9.71E+10,,,,,,,,,,,,,,,,,,,,,,,,,,,,,,,,,,,,,,,,,
,TKC-GUMSH,"T13 2"" GUMBALL MACHINE SHAKER CLIP ON (24PCS)","T13 2"" GUMBALL MACHINE SHAKER CLIP ON (24PCS)","T13 2"" GUMBALL MACHINE SHAKER CLIP ON (24PCS)","T13 2"" GUMBALL MACHINE SHAKER CLIP ON (24PCS)",Others,Fidgets,Rhode Island,Rhode Island,97138973085,9.71E+10,,,,,,,,,,,,,,,,,,,,,,,,,,,,,,,,,,,,,,,,,
,TEL-HAMRU,"T13 5"" BURGER LED LIGHT","T13 5"" BURGER LED LIGHT","T13 5"" BURGER LED LIGHT","T13 5"" BURGER LED LIGHT",Others,Fidgets,Rhode Island,Rhode Island,97138923097,9.71E+10,,,,,,,,,,,,,,,,,,,,,,,,,,,,,,,,,,,,,,,,,
,TCA-SBGU3,"T13 SQUEEZY BEAD GUMBALL MACHINE 3.5"" (12PCS)","T13 SQUEEZY BEAD GUMBALL MACHINE 3.5"" (12PCS)","T13 SQUEEZY BEAD GUMBALL MACHINE 3.5"" (12PCS)","T13 SQUEEZY BEAD GUMBALL MACHINE 3.5"" (12PCS)",Others,Fidgets,Rhode Island,Rhode Island,97138970169,9.71E+10,,,,,,,,,,,,,,,,,,,,,,,,,,,,,,,,,,,,,,,,,
,TCA-SBGU2,"T13 SQUEEZY BEAD GUMBALL MACHINE CLIP ON 2""","T13 SQUEEZY BEAD GUMBALL MACHINE CLIP ON 2""","T13 SQUEEZY BEAD GUMBALL MACHINE CLIP ON 2""","T13 SQUEEZY BEAD GUMBALL MACHINE CLIP ON 2""",Others,Fidgets,Rhode Island,Rhode Island,97138969729,9.71E+10,,,,,,,,,,,,,,,,,,,,,,,,,,,,,,,,,,,,,,,,,
,,SWIRLY LOOP,SWIRLY LOOP,SWIRLY LOOP,SWIRLY LOOP,Others,Fidgets,Rhode Island,Rhode Island,97138872128,9.71E+10,,,,,,,,,,,,,,,,,,,,,,,,,,,,,,,,,,,,,,,,,
,PL-DONU8,DONUT PILLOW,DONUT PILLOW,DONUT PILLOW,DONUT PILLOW,Others,Food Plush,Rhode Island,Rhode Island,97138920324,9.71E+10,,,,,,,,,,,,,,,,,,,,,,,,,,,,,,,,,,,,,,,,,
,,FAKE WAD OF GUM,FAKE WAD OF GUM,FAKE WAD OF GUM,FAKE WAD OF GUM,Others,Food Plush,Rhode Island,Rhode Island,97138954350,9.71E+10,,,,,,,,,,,,,,,,,,,,,,,,,,,,,,,,,,,,,,,,,
,,EGG,EGG,EGG,EGG,Others,Food Plush,Rhode Island,Rhode Island,97138936073,9.71E+10,,,,,,,,,,,,,,,,,,,,,,,,,,,,,,,,,,,,,,,,,
,,SNAP GUM,SNAP GUM,SNAP GUM,SNAP GUM,Others,Food Plush,Rhode Island,Rhode Island,97138610591,9.71E+10,,,,,,,,,,,,,,,,,,,,,,,,,,,,,,,,,,,,,,,,,
,,PUFF CIGARETTES,PUFF CIGARETTES,PUFF CIGARETTES,PUFF CIGARETTES,Others,Food Plush,Rhode Island,Rhode Island,97138908605,9.71E+10,,,,,,,,,,,,,,,,,,,,,,,,,,,,,,,,,,,,,,,,,
,,DONUT WALLET,DONUT WALLET,DONUT WALLET,DONUT WALLET,Others,Food Plush,Rhode Island,Rhode Island,97138876744,9.71E+10,,,,,,,,,,,,,,,,,,,,,,,,,,,,,,,,,,,,,,,,,
,TSK-CUPPU,"T13 TS - 3.25"" DIY CUPCAKE PUTTY (12PCS/UNIT)","T13 TS - 3.25"" DIY CUPCAKE PUTTY (12PCS/UNIT)","T13 TS - 3.25"" DIY CUPCAKE PUTTY (12PCS/UNIT)","T13 TS - 3.25"" DIY CUPCAKE PUTTY (12PCS/UNIT)",Others,Food Plush,Rhode Island,Rhode Island,97138920638,9.71E+10,,,,,,,,,,,,,,,,,,,,,,,,,,,,,,,,,,,,,,,,,
,TCA-BEICE,"T13 TS-3.5"" BEADED SQUISH ICE CREAM CONE","T13 TS-3.5"" BEADED SQUISH ICE CREAM CONE","T13 TS-3.5"" BEADED SQUISH ICE CREAM CONE","T13 TS-3.5"" BEADED SQUISH ICE CREAM CONE",Others,Food Plush,Rhode Island,Rhode Island,97138882134,9.71E+10,,,,,,,,,,,,,,,,,,,,,,,,,,,,,,,,,,,,,,,,,
,TST-CHEGM,"T13 2.5"" MARBLEIZED EGG SIDEWALK CHALK (1PCS/SET)","T13 2.5"" MARBLEIZED EGG SIDEWALK CHALK (1PCS/SET)","T13 2.5"" MARBLEIZED EGG SIDEWALK CHALK (1PCS/SET)","T13 2.5"" MARBLEIZED EGG SIDEWALK CHALK (1PCS/SET)",Others,Food Plush,Rhode Island,Rhode Island,97138950666,9.71E+10,,,,,,,,,,,,,,,,,,,,,,,,,,,,,,,,,,,,,,,,,
,TSK-SQFAS,"T13 TS - 8,25"" SQUISH FAST FOOD PENS (12PCS/UNIT)","T13 TS - 8,25"" SQUISH FAST FOOD PENS (12PCS/UNIT)","T13 TS - 8,25"" SQUISH FAST FOOD PENS (12PCS/UNIT)","T13 TS - 8,25"" SQUISH FAST FOOD PENS (12PCS/UNIT)",Others,Food Plush,Rhode Island,Rhode Island,97138914071,9.71E+10,,,,,,,,,,,,,,,,,,,,,,,,,,,,,,,,,,,,,,,,,
,TSK-SSFRU,T13 SQUISHY STRETCHY 6PC FRUIT CUP 12CT,T13 SQUISHY STRETCHY 6PC FRUIT CUP 12CT,T13 SQUISHY STRETCHY 6PC FRUIT CUP 12CT,T13 SQUISHY STRETCHY 6PC FRUIT CUP 12CT,Others,Food Plush,Rhode Island,Rhode Island,97138984586,9.71E+10,,,,,,,,,,,,,,,,,,,,,,,,,,,,,,,,,,,,,,,,,
,TPA-MMBEA,"T13 MARSHMALLOW BEAR 2.75"" 12CT","T13 MARSHMALLOW BEAR 2.75"" 12CT","T13 MARSHMALLOW BEAR 2.75"" 12CT","T13 MARSHMALLOW BEAR 2.75"" 12CT",Others,Food Plush,Rhode Island,Rhode Island,97138970046,9.71E+10,,,,,,,,,,,,,,,,,,,,,,,,,,,,,,,,,,,,,,,,,
,TPA-GRSCH,T13 TS - SMALL HATCH AND GROW CHICK EGG,T13 TS - SMALL HATCH AND GROW CHICK EGG,T13 TS - SMALL HATCH AND GROW CHICK EGG,T13 TS - SMALL HATCH AND GROW CHICK EGG,Others,Food Plush,Rhode Island,Rhode Island,97138950536,9.71E+10,,,,,,,,,,,,,,,,,,,,,,,,,,,,,,,,,,,,,,,,,
,TCA-SSPIN,"T13 TS - SQUISH AND STRETCH PINEAPPLE 4.33""","T13 TS - SQUISH AND STRETCH PINEAPPLE 4.33""","T13 TS - SQUISH AND STRETCH PINEAPPLE 4.33""","T13 TS - SQUISH AND STRETCH PINEAPPLE 4.33""",Others,Food Plush,Rhode Island,Rhode Island,97138931719,9.71E+10,,,,,,,,,,,,,,,,,,,,,,,,,,,,,,,,,,,,,,,,,
,TCA-CUPRU,"T13 5"" CUPCAKE LED LIGHT","T13 5"" CUPCAKE LED LIGHT","T13 5"" CUPCAKE LED LIGHT","T13 5"" CUPCAKE LED LIGHT",Others,Food Plush,Rhode Island,Rhode Island,97138923103,9.71E+10,,,,,,,,,,,,,,,,,,,,,,,,,,,,,,,,,,,,,,,,,
,TCA-SSHAM,"T13 TS - 3.25"" SQUISH AND STRETCH HAMBURGER","T13 TS - 3.25"" SQUISH AND STRETCH HAMBURGER","T13 TS - 3.25"" SQUISH AND STRETCH HAMBURGER","T13 TS - 3.25"" SQUISH AND STRETCH HAMBURGER",Others,Food Plush,Rhode Island,Rhode Island,97138939968,9.71E+10,,,,,,,,,,,,,,,,,,,,,,,,,,,,,,,,,,,,,,,,,
,TCA-SSHBG,"T13 3"" SQUISH AND STRETCH HAMBURGER","T13 3"" SQUISH AND STRETCH HAMBURGER","T13 3"" SQUISH AND STRETCH HAMBURGER","T13 3"" SQUISH AND STRETCH HAMBURGER",Others,Food Plush,Rhode Island,Rhode Island,97138962973,9.71E+10,,,,,,,,,,,,,,,,,,,,,,,,,,,,,,,,,,,,,,,,,
,TCA-SSFRU,"SQUISH STRETCH FRUIT ASSORTMENT 2""- 4.75"" 12CT","SQUISH STRETCH FRUIT ASSORTMENT 2""- 4.75"" 12CT","SQUISH STRETCH FRUIT ASSORTMENT 2""- 4.75"" 12CT","SQUISH STRETCH FRUIT ASSORTMENT 2""- 4.75"" 12CT",Others,Food Plush,Rhode Island,Rhode Island,97138959027,9.71E+10,,,,,,,,,,,,,,,,,,,,,,,,,,,,,,,,,,,,,,,,,
,TCA-SSDON,"T8.5 3"" SQUISH AND STRETCH DONUT 12CT","T8.5 3"" SQUISH AND STRETCH DONUT 12CT","T8.5 3"" SQUISH AND STRETCH DONUT 12CT","T8.5 3"" SQUISH AND STRETCH DONUT 12CT",Others,Food Plush,Rhode Island,Rhode Island,97138976161,9.71E+10,,,,,,,,,,,,,,,,,,,,,,,,,,,,,,,,,,,,,,,,,
,TCA-SSBAN,"T13 TS - STRETCH AND SQUEEZE BANANA 5.5"" 12/DISP","T13 TS - STRETCH AND SQUEEZE BANANA 5.5"" 12/DISP","T13 TS - STRETCH AND SQUEEZE BANANA 5.5"" 12/DISP","T13 TS - STRETCH AND SQUEEZE BANANA 5.5"" 12/DISP",Others,Food Plush,Rhode Island,Rhode Island,97138931733,9.71E+10,,,,,,,,,,,,,,,,,,,,,,,,,,,,,,,,,,,,,,,,,
,TCA-SQIC6,"T13 6"" SQUISH ICE CREAM 12/DISPLAY","T13 6"" SQUISH ICE CREAM 12/DISPLAY","T13 6"" SQUISH ICE CREAM 12/DISPLAY","T13 6"" SQUISH ICE CREAM 12/DISPLAY",Others,Food Plush,Rhode Island,Rhode Island,97138873149,9.71E+10,,,,,,,,,,,,,,,,,,,,,,,,,,,,,,,,,,,,,,,,,
,TCA-SQDES,"T13 TS - 3"" SQUISH DESSERT (12PCS/UNIT)","T13 TS - 3"" SQUISH DESSERT (12PCS/UNIT)","T13 TS - 3"" SQUISH DESSERT (12PCS/UNIT)","T13 TS - 3"" SQUISH DESSERT (12PCS/UNIT)",Others,Food Plush,Rhode Island,Rhode Island,97138883803,9.71E+10,,,,,,,,,,,,,,,,,,,,,,,,,,,,,,,,,,,,,,,,,
,TCA-SGBEA,"T13 3"" SQUEEZY SUGAR BEARS (12PCS/DISPLAY)","T13 3"" SQUEEZY SUGAR BEARS (12PCS/DISPLAY)","T13 3"" SQUEEZY SUGAR BEARS (12PCS/DISPLAY)","T13 3"" SQUEEZY SUGAR BEARS (12PCS/DISPLAY)",Others,Food Plush,Rhode Island,Rhode Island,97138959867,9.71E+10,,,,,,,,,,,,,,,,,,,,,,,,,,,,,,,,,,,,,,,,,
,TCA-PIZSA,"TS - 4.75"" PIZZA FLYING SAUCER (12PCS/UNIT)","TS - 4.75"" PIZZA FLYING SAUCER (12PCS/UNIT)","TS - 4.75"" PIZZA FLYING SAUCER (12PCS/UNIT)","TS - 4.75"" PIZZA FLYING SAUCER (12PCS/UNIT)",Others,Food Plush,Rhode Island,Rhode Island,97138945648,9.71E+10,,,,,,,,,,,,,,,,,,,,,,,,,,,,,,,,,,,,,,,,,
,TCA-PFCAR,"10"" PUFFER CARROT (6PCS/DISP)","10"" PUFFER CARROT (6PCS/DISP)","10"" PUFFER CARROT (6PCS/DISP)","10"" PUFFER CARROT (6PCS/DISP)",Others,Food Plush,Rhode Island,Rhode Island,97138963086,9.71E+10,,,,,,,,,,,,,,,,,,,,,,,,,,,,,,,,,,,,,,,,,
,TCA-MMFRU,"T13 MARSHMALLOW FRUIT 2.5"" 12CT","T13 MARSHMALLOW FRUIT 2.5"" 12CT","T13 MARSHMALLOW FRUIT 2.5"" 12CT","T13 MARSHMALLOW FRUIT 2.5"" 12CT",Others,Food Plush,Rhode Island,Rhode Island,97138970077,9.71E+10,,,,,,,,,,,,,,,,,,,,,,,,,,,,,,,,,,,,,,,,,
,TCA FZDON,"4"" DOUGHNUT FIZZY 12CT","4"" DOUGHNUT FIZZY 12CT","4"" DOUGHNUT FIZZY 12CT","4"" DOUGHNUT FIZZY 12CT",Others,Food Plush,Rhode Island,Rhode Island,97138969927,9.71E+10,,,,,,,,,,,,,,,,,,,,,,,,,,,,,,,,,,,,,,,,,
,,MEASURING TAPE,MEASURING TAPE,MEASURING TAPE,MEASURING TAPE,Others,Glue & Tape,Rhode Island,Rhode Island,97138620941,9.71E+10,,,,,,,,,,,,,,,,,,,,,,,,,,,,,,,,,,,,,,,,,
,TY-MBSET,MILK & JUICE BOTTLE,MILK & JUICE BOTTLE,MILK & JUICE BOTTLE,MILK & JUICE BOTTLE,Others,Doll Accessories,Rhode Island,Rhode Island,97138930651,9.71E+10,,,,,,,,,,,,,,,,,,,,,,,,,,,,,,,,,,,,,,,,,
,,SMILEY GLASSES,SMILEY GLASSES,SMILEY GLASSES,SMILEY GLASSES,Others,Impulse  ,Rhode Island,Rhode Island,97138834171,9.71E+10,,,,,,,,,,,,,,,,,,,,,,,,,,,,,,,,,,,,,,,,,
,,thunder can,thunder can,thunder can,thunder can,Others,Impulse  ,Rhode Island,Rhode Island,97138847669,9.71E+10,,,,,,,,,,,,,,,,,,,,,,,,,,,,,,,,,,,,,,,,,
,TY-MIBOX,"(T) Mini Desktop Punching Bag 5""","(T) Mini Desktop Punching Bag 5""","(T) Mini Desktop Punching Bag 5""","(T) Mini Desktop Punching Bag 5""",Others,Impulse  ,Rhode Island,Rhode Island,97138927583,9.71E+10,,,,,,,,,,,,,,,,,,,,,,,,,,,,,,,,,,,,,,,,,
,,GLASSES,GLASSES,GLASSES,GLASSES,Others,Impulse  ,Rhode Island,Rhode Island,97138775313,9.71E+10,,,,,,,,,,,,,,,,,,,,,,,,,,,,,,,,,,,,,,,,,
,,ICE CREAM SHOOTER,ICE CREAM SHOOTER,ICE CREAM SHOOTER,ICE CREAM SHOOTER,Others,Impulse  ,Rhode Island,Rhode Island,97138616548,9.71E+10,,,,,,,,,,,,,,,,,,,,,,,,,,,,,,,,,,,,,,,,,
,,PIZZA TOSS,PIZZA TOSS,PIZZA TOSS,PIZZA TOSS,Others,Impulse  ,Rhode Island,Rhode Island,97138920195,9.71E+10,,,,,,,,,,,,,,,,,,,,,,,,,,,,,,,,,,,,,,,,,
,CA-SQGBA,Squish Gold Bar 12ct,Squish Gold Bar 12ct,Squish Gold Bar 12ct,Squish Gold Bar 12ct,Others,Impulse  ,Rhode Island,Rhode Island,97138974969,9.71E+10,,,,,,,,,,,,,,,,,,,,,,,,,,,,,,,,,,,,,,,,,
,FR-SANTW,"(T) 3.5"" 2-Minute Sand Timer","(T) 3.5"" 2-Minute Sand Timer","(T) 3.5"" 2-Minute Sand Timer","(T) 3.5"" 2-Minute Sand Timer",Others,Impulse,Rhode Island,Rhode Island,97138690487,9.71E+10,,,,,,,,,,,,,,,,,,,,,,,,,,,,,,,,,,,,,,,,,
,BA-SQST4,SQUISH STRETCH BALL,SQUISH STRETCH BALL,SQUISH STRETCH BALL,SQUISH STRETCH BALL,Others,Impulse,Rhode Island,Rhode Island,97138912121,9.71E+10,,,,,,,,,,,,,,,,,,,,,,,,,,,,,,,,,,,,,,,,,
,,STRETCH AND SHAPE PUTTY,STRETCH AND SHAPE PUTTY,STRETCH AND SHAPE PUTTY,STRETCH AND SHAPE PUTTY,Others,Impulse,Rhode Island,Rhode Island,97138897312,9.71E+10,,,,,,,,,,,,,,,,,,,,,,,,,,,,,,,,,,,,,,,,,
,CA-SQDO3,SQUISHY DONUT,SQUISHY DONUT,SQUISHY DONUT,SQUISHY DONUT,Others,Impulse,Rhode Island,Rhode Island,97138886521,9.71E+10,,,,,,,,,,,,,,,,,,,,,,,,,,,,,,,,,,,,,,,,,
,,HIGH BOUNCE BALL,HIGH BOUNCE BALL,HIGH BOUNCE BALL,HIGH BOUNCE BALL,Others,Impulse,Rhode Island,Rhode Island,97138884510,9.71E+10,,,,,,,,,,,,,,,,,,,,,,,,,,,,,,,,,,,,,,,,,
,,rainbow coil spring,rainbow coil spring,rainbow coil spring,rainbow coil spring,Others,Impulse,Rhode Island,Rhode Island,97138735799,9.71E+10,,,,,,,,,,,,,,,,,,,,,,,,,,,,,,,,,,,,,,,,,
,GA-PICWO,"6"" WOODEN PICK UP STICKS","6"" WOODEN PICK UP STICKS","6"" WOODEN PICK UP STICKS","6"" WOODEN PICK UP STICKS",Others,Impulse,Rhode Island,Rhode Island,97138675705,9.71E+10,,,,,,,,,,,,,,,,,,,,,,,,,,,,,,,,,,,,,,,,,
,,KNEE SOCKS,KNEE SOCKS,KNEE SOCKS,KNEE SOCKS,Others,Impulse,Rhode Island,Rhode Island,97138921291,9.71E+10,,,,,,,,,,,,,,,,,,,,,,,,,,,,,,,,,,,,,,,,,
,,PG8 BALL,PG8 BALL,PG8 BALL,PG8 BALL,Others,Impulse,Rhode Island,Rhode Island,97138758088,9.71E+10,,,,,,,,,,,,,,,,,,,,,,,,,,,,,,,,,,,,,,,,,
,,RING,RING,RING,RING,Others,Impulse,Rhode Island,Rhode Island,97138849205,9.71E+10,,,,,,,,,,,,,,,,,,,,,,,,,,,,,,,,,,,,,,,,,
,GA-MANCA,Mancala,Mancala,Mancala,Mancala,Others,Impulse,Rhode Island,Rhode Island,97138894014,9.71E+10,,,,,,,,,,,,,,,,,,,,,,,,,,,,,,,,,,,,,,,,,
,,SQUIRT RING,SQUIRT RING,SQUIRT RING,SQUIRT RING,Others,Impulse,Rhode Island,Rhode Island,97138954268,9.71E+10,,,,,,,,,,,,,,,,,,,,,,,,,,,,,,,,,,,,,,,,,
,,WATER BOTTLE,WATER BOTTLE,WATER BOTTLE,WATER BOTTLE,Others,Impulse,Rhode Island,Rhode Island,97138707499,9.71E+10,,,,,,,,,,,,,,,,,,,,,,,,,,,,,,,,,,,,,,,,,
,,STOP PLUSH,STOP PLUSH,STOP PLUSH,STOP PLUSH,Others,Impulse,Rhode Island,Rhode Island,97138304773,9.71E+10,,,,,,,,,,,,,,,,,,,,,,,,,,,,,,,,,,,,,,,,,
,,love your teeth,love your teeth,love your teeth,love your teeth,Others,Impulse,Rhode Island,Rhode Island,97138713131,9.71E+10,,,,,,,,,,,,,,,,,,,,,,,,,,,,,,,,,,,,,,,,,
,,CLACKER,CLACKER,CLACKER,CLACKER,Others,Impulse,Rhode Island,Rhode Island,97138611666,9.71E+10,,,,,,,,,,,,,,,,,,,,,,,,,,,,,,,,,,,,,,,,,
,,bunny chick wind ups,bunny chick wind ups,bunny chick wind ups,bunny chick wind ups,Others,Impulse,Rhode Island,Rhode Island,97138915795,9.71E+10,,,,,,,,,,,,,,,,,,,,,,,,,,,,,,,,,,,,,,,,,
,,Chattering Teeth,Chattering Teeth,Chattering Teeth,Chattering Teeth,Others,Impulse,Rhode Island,Rhode Island,97138610447,9.71E+10,,,,,,,,,,,,,,,,,,,,,,,,,,,,,,,,,,,,,,,,,
,,SEVERED EAR,SEVERED EAR,SEVERED EAR,SEVERED EAR,Others,Impulse,Rhode Island,Rhode Island,97138954466,9.71E+10,,,,,,,,,,,,,,,,,,,,,,,,,,,,,,,,,,,,,,,,,
,,MARBLES,MARBLES,MARBLES,MARBLES,Others,Impulse,Rhode Island,Rhode Island,97138940797,9.71E+10,,,,,,,,,,,,,,,,,,,,,,,,,,,,,,,,,,,,,,,,,
,,HANDCUFF,HANDCUFF,HANDCUFF,HANDCUFF,Others,Impulse,Rhode Island,Rhode Island,97138931580,9.71E+10,,,,,,,,,,,,,,,,,,,,,,,,,,,,,,,,,,,,,,,,,
,,METAL HANDCUFFS,METAL HANDCUFFS,METAL HANDCUFFS,METAL HANDCUFFS,Others,Impulse,Rhode Island,Rhode Island,97138931191,9.71E+10,,,,,,,,,,,,,,,,,,,,,,,,,,,,,,,,,,,,,,,,,
,,GUN,GUN,GUN,GUN,Others,Impulse,Rhode Island,Rhode Island,97138801258,9.71E+10,,,,,,,,,,,,,,,,,,,,,,,,,,,,,,,,,,,,,,,,,
,,MUSTACHE,MUSTACHE,MUSTACHE,MUSTACHE,Others,Impulse,Rhode Island,Rhode Island,97138782175,9.71E+10,,,,,,,,,,,,,,,,,,,,,,,,,,,,,,,,,,,,,,,,,
,,SAFE BANK,SAFE BANK,SAFE BANK,SAFE BANK,Others,Impulse,Rhode Island,Rhode Island,97138646019,9.71E+10,,,,,,,,,,,,,,,,,,,,,,,,,,,,,,,,,,,,,,,,,
,,MINI ACTION RACERS,MINI ACTION RACERS,MINI ACTION RACERS,MINI ACTION RACERS,Others,Impulse,Rhode Island,Rhode Island,97138918161,9.71E+10,,,,,,,,,,,,,,,,,,,,,,,,,,,,,,,,,,,,,,,,,
,,FLASHING TAMBOURINE,FLASHING TAMBOURINE,FLASHING TAMBOURINE,FLASHING TAMBOURINE,Others,Impulse,Rhode Island,Rhode Island,97138695703,9.71E+10,,,,,,,,,,,,,,,,,,,,,,,,,,,,,,,,,,,,,,,,,
,,WATER BOTTLE,WATER BOTTLE,WATER BOTTLE,WATER BOTTLE,Others,Impulse,Rhode Island,Rhode Island,97138677297,9.71E+10,,,,,,,,,,,,,,,,,,,,,,,,,,,,,,,,,,,,,,,,,
,,Marbles,Marbles,Marbles,Marbles,Others,Impulse,Rhode Island,Rhode Island,97138659200,9.71E+10,,,,,,,,,,,,,,,,,,,,,,,,,,,,,,,,,,,,,,,,,
,,HAND BUZZER,HAND BUZZER,HAND BUZZER,HAND BUZZER,Others,Impulse,Rhode Island,Rhode Island,97138652942,9.71E+10,,,,,,,,,,,,,,,,,,,,,,,,,,,,,,,,,,,,,,,,,
,,GLOW STAR and MOON STICK ONS,GLOW STAR and MOON STICK ONS,GLOW STAR and MOON STICK ONS,GLOW STAR and MOON STICK ONS,Others,Impulse,Rhode Island,Rhode Island,97138600981,9.71E+10,,,,,,,,,,,,,,,,,,,,,,,,,,,,,,,,,,,,,,,,,
,,"17"" Giant Bomber Glide","17"" Giant Bomber Glide","17"" Giant Bomber Glide","17"" Giant Bomber Glide",Others,Impulse,Rhode Island,Rhode Island,97138600103,9.71E+10,,,,,,,,,,,,,,,,,,,,,,,,,,,,,,,,,,,,,,,,,
,,Beach Safe,Beach Safe,Beach Safe,Beach Safe,Others,Impulse,Rhode Island,Rhode Island,97138685889,9.71E+10,,,,,,,,,,,,,,,,,,,,,,,,,,,,,,,,,,,,,,,,,
,,YOYO,YOYO,YOYO,YOYO,Others,Impulse,Rhode Island,Rhode Island,97138616845,9.71E+10,,,,,,,,,,,,,,,,,,,,,,,,,,,,,,,,,,,,,,,,,
,GA-DOMIN,DOMINO 28PC SET IN WOODEN BOX,DOMINO 28PC SET IN WOODEN BOX,DOMINO 28PC SET IN WOODEN BOX,DOMINO 28PC SET IN WOODEN BOX,Others,Impulse,Rhode Island,Rhode Island,97138669759,9.71E+10,,,,,,,,,,,,,,,,,,,,,,,,,,,,,,,,,,,,,,,,,
,,KICKBALL,KICKBALL,KICKBALL,KICKBALL,Others,Impulse,Rhode Island,Rhode Island,97138658951,9.71E+10,,,,,,,,,,,,,,,,,,,,,,,,,,,,,,,,,,,,,,,,,
,,SHEILD AND SWORD,SHEILD AND SWORD,SHEILD AND SWORD,SHEILD AND SWORD,Others,Impulse,Rhode Island,Rhode Island,97138616838,9.71E+10,,,,,,,,,,,,,,,,,,,,,,,,,,,,,,,,,,,,,,,,,
,,DROOPY EYES,DROOPY EYES,DROOPY EYES,DROOPY EYES,Others,Impulse,Rhode Island,Rhode Island,97138600202,9.71E+10,,,,,,,,,,,,,,,,,,,,,,,,,,,,,,,,,,,,,,,,,
,,FOAM BALL BLASTER,FOAM BALL BLASTER,FOAM BALL BLASTER,FOAM BALL BLASTER,Others,Impulse,Rhode Island,Rhode Island,97138913258,9.71E+10,,,,,,,,,,,,,,,,,,,,,,,,,,,,,,,,,,,,,,,,,
,,WHITE GLOVES,WHITE GLOVES,WHITE GLOVES,WHITE GLOVES,Others,Impulse,Rhode Island,Rhode Island,97138652768,9.71E+10,,,,,,,,,,,,,,,,,,,,,,,,,,,,,,,,,,,,,,,,,
,,EMOTICON PEN,EMOTICON PEN,EMOTICON PEN,EMOTICON PEN,Others,Impulse,Rhode Island,Rhode Island,97138843364,9.71E+10,,,,,,,,,,,,,,,,,,,,,,,,,,,,,,,,,,,,,,,,,
,,FLASHING GUN,FLASHING GUN,FLASHING GUN,FLASHING GUN,Others,Impulse,Rhode Island,Rhode Island,97138796790,9.71E+10,,,,,,,,,,,,,,,,,,,,,,,,,,,,,,,,,,,,,,,,,
,,BIG PEN,BIG PEN,BIG PEN,BIG PEN,Others,Impulse,Rhode Island,Rhode Island,97138729194,9.71E+10,,,,,,,,,,,,,,,,,,,,,,,,,,,,,,,,,,,,,,,,,
,,TRUMPET,TRUMPET,TRUMPET,TRUMPET,Others,Instruments,Rhode Island,Rhode Island,97138653574,9.71E+10,,,,,,,,,,,,,,,,,,,,,,,,,,,,,,,,,,,,,,,,,
,FR-BUBGU,GUMBALL MACHINE,GUMBALL MACHINE,GUMBALL MACHINE,GUMBALL MACHINE,Others,Party Favors,Rhode Island,Rhode Island,97138600714,9.71E+10,,,,,,,,,,,,,,,,,,,,,,,,,,,,,,,,,,,,,,,,,
,FR-GUI25,Acoustic Guitar,Acoustic Guitar,Acoustic Guitar,Acoustic Guitar,Others,Instruments,Rhode Island,Rhode Island,97138698858,9.71E+10,,,,,,,,,,,,,,,,,,,,,,,,,,,,,,,,,,,,,,,,,
,,WATER BLASTER,WATER BLASTER,WATER BLASTER,WATER BLASTER,Others,Water & Summer Fun,Rhode Island,Rhode Island,97138906533,9.71E+10,,,,,,,,,,,,,,,,,,,,,,,,,,,,,,,,,,,,,,,,,
,,guitar,guitar,guitar,guitar,Others,Instruments,Rhode Island,Rhode Island,97138925985,9.71E+10,,,,,,,,,,,,,,,,,,,,,,,,,,,,,,,,,,,,,,,,,
,,PAINLESS PIERCINGS,PAINLESS PIERCINGS,PAINLESS PIERCINGS,PAINLESS PIERCINGS,Others,Impulse,Rhode Island,Rhode Island,97138954558,9.71E+10,,,,,,,,,,,,,,,,,,,,,,,,,,,,,,,,,,,,,,,,,
,,water blaster,water blaster,water blaster,water blaster,Others,Impulse,Rhode Island,Rhode Island,97138600622,9.71E+10,,,,,,,,,,,,,,,,,,,,,,,,,,,,,,,,,,,,,,,,,
,,hand drum,hand drum,hand drum,hand drum,Others,Instruments,Rhode Island,Rhode Island,97138949356,9.71E+10,,,,,,,,,,,,,,,,,,,,,,,,,,,,,,,,,,,,,,,,,
,,GUITAR,GUITAR,GUITAR,GUITAR,Others,Instruments,Rhode Island,Rhode Island,97138698278,9.71E+10,,,,,,,,,,,,,,,,,,,,,,,,,,,,,,,,,,,,,,,,,
,,DRUM SET,DRUM SET,DRUM SET,DRUM SET,Others,Instruments,Rhode Island,Rhode Island,97138832146,9.71E+10,,,,,,,,,,,,,,,,,,,,,,,,,,,,,,,,,,,,,,,,,
,CA-ECHMI,Echo Microphone,Echo Microphone,Echo Microphone,Echo Microphone,Others,Karaoke & Microphones,Rhode Island,Rhode Island,97138927910,9.71E+10,,,,,,,,,,,,,,,,,,,,,,,,,,,,,,,,,,,,,,,,,
,,donut key chain,donut key chain,donut key chain,donut key chain,Others,Keychains,Rhode Island,Rhode Island,97138873101,9.71E+10,,,,,,,,,,,,,,,,,,,,,,,,,,,,,,,,,,,,,,,,,
,,KEY CHAIN,KEY CHAIN,KEY CHAIN,KEY CHAIN,Others,Keychains,Rhode Island,Rhode Island,97138775856,9.71E+10,,,,,,,,,,,,,,,,,,,,,,,,,,,,,,,,,,,,,,,,,
,,DRAWING BOARD KEYCHAIN,DRAWING BOARD KEYCHAIN,DRAWING BOARD KEYCHAIN,DRAWING BOARD KEYCHAIN,Others,Keychains,Rhode Island,Rhode Island,97138722683,9.71E+10,,,,,,,,,,,,,,,,,,,,,,,,,,,,,,,,,,,,,,,,,
,,STRAW GLASSES,STRAW GLASSES,STRAW GLASSES,STRAW GLASSES,Others,Kids Purim Costumes & Accessories,Rhode Island,Rhode Island,97138909442,9.71E+10,,,,,,,,,,,,,,,,,,,,,,,,,,,,,,,,,,,,,,,,,
,,PIRATE SWORD,PIRATE SWORD,PIRATE SWORD,PIRATE SWORD,Others,Kids Purim Costumes & Accessories,Rhode Island,Rhode Island,97138610584,9.71E+10,,,,,,,,,,,,,,,,,,,,,,,,,,,,,,,,,,,,,,,,,
,,CHILD COWBOY HAT,CHILD COWBOY HAT,CHILD COWBOY HAT,CHILD COWBOY HAT,Others,Kids Purim Costumes & Accessories,Rhode Island,Rhode Island,97138818362,9.71E+10,,,,,,,,,,,,,,,,,,,,,,,,,,,,,,,,,,,,,,,,,
,JK-MAGLG,Magnetic Rattle Snake Eggs,Magnetic Rattle Snake Eggs,Magnetic Rattle Snake Eggs,Magnetic Rattle Snake Eggs,Others,Learning Kits,Rhode Island,Rhode Island,97138650931,9.71E+10,,,,,,,,,,,,,,,,,,,,,,,,,,,,,,,,,,,,,,,,,
,GA-DOODL,"Doodle Face 5""x6""","Doodle Face 5""x6""","Doodle Face 5""x6""","Doodle Face 5""x6""",Others,Learning Kits,Rhode Island,Rhode Island,97138786104,9.71E+10,,,,,,,,,,,,,,,,,,,,,,,,,,,,,,,,,,,,,,,,,
,PLTRAF6,"6"" PLUSH TRAFFIC SIGN","6"" PLUSH TRAFFIC SIGN","6"" PLUSH TRAFFIC SIGN","6"" PLUSH TRAFFIC SIGN",Others,Licensed Plush,Rhode Island,Rhode Island,97138879752,9.71E+10,,,,,,,,,,,,,,,,,,,,,,,,,,,,,,,,,,,,,,,,,
,JK-MTBOX,AMAZING MAGIC TRICKS,AMAZING MAGIC TRICKS,AMAZING MAGIC TRICKS,AMAZING MAGIC TRICKS,Others,Magic Tricks & Kits,Rhode Island,Rhode Island,97138916198,9.71E+10,,,,,,,,,,,,,,,,,,,,,,,,,,,,,,,,,,,,,,,,,
,,MAGIC WAND,MAGIC WAND,MAGIC WAND,MAGIC WAND,Others,Magic Tricks & Kits,Rhode Island,Rhode Island,97138916228,9.71E+10,,,,,,,,,,,,,,,,,,,,,,,,,,,,,,,,,,,,,,,,,
,,MAGIC CANDLES,MAGIC CANDLES,MAGIC CANDLES,MAGIC CANDLES,Others,Magic Tricks & Kits,Rhode Island,Rhode Island,97138669711,9.71E+10,,,,,,,,,,,,,,,,,,,,,,,,,,,,,,,,,,,,,,,,,
,,MAGIC ERASE DRAWING BOARD,MAGIC ERASE DRAWING BOARD,MAGIC ERASE DRAWING BOARD,MAGIC ERASE DRAWING BOARD,Others,Magic Tricks & Kits,Rhode Island,Rhode Island,97138916075,9.71E+10,,,,,,,,,,,,,,,,,,,,,,,,,,,,,,,,,,,,,,,,,
,,MAGIC WAND,MAGIC WAND,MAGIC WAND,MAGIC WAND,Others,Magic Tricks & Kits,Rhode Island,Rhode Island,97138678997,9.71E+10,,,,,,,,,,,,,,,,,,,,,,,,,,,,,,,,,,,,,,,,,
,,TRICK PENCIL,TRICK PENCIL,TRICK PENCIL,TRICK PENCIL,Others,Magic Tricks & Kits,Rhode Island,Rhode Island,97138954411,9.71E+10,,,,,,,,,,,,,,,,,,,,,,,,,,,,,,,,,,,,,,,,,
,,SQUIRT PEN,SQUIRT PEN,SQUIRT PEN,SQUIRT PEN,Others,Magic Tricks & Kits,Rhode Island,Rhode Island,97138954398,9.71E+10,,,,,,,,,,,,,,,,,,,,,,,,,,,,,,,,,,,,,,,,,
,FR-MAGHR,"Metal Horseshoe Magnet 4""","Metal Horseshoe Magnet 4""","Metal Horseshoe Magnet 4""","Metal Horseshoe Magnet 4""",Others,Magic Tricks & Kits,Rhode Island,Rhode Island,97138961839,9.71E+10,,,,,,,,,,,,,,,,,,,,,,,,,,,,,,,,,,,,,,,,,
,,Magnetic wheel,Magnetic wheel,Magnetic wheel,Magnetic wheel,Others,Magic Tricks & Kits,Rhode Island,Rhode Island,97138931290,9.71E+10,,,,,,,,,,,,,,,,,,,,,,,,,,,,,,,,,,,,,,,,,
,,ALIEN SLIME,ALIEN SLIME,ALIEN SLIME,ALIEN SLIME,Others,Modeling & Play-Doh,Rhode Island,Rhode Island,97138865076,9.71E+10,,,,,,,,,,,,,,,,,,,,,,,,,,,,,,,,,,,,,,,,,
,SK-ICECR,Ice Cream Clay Slime,Ice Cream Clay Slime,Ice Cream Clay Slime,Ice Cream Clay Slime,Others,Modeling & Play-Doh,Rhode Island,Rhode Island,97138969880,9.71E+10,,,,,,,,,,,,,,,,,,,,,,,,,,,,,,,,,,,,,,,,,
,TSK-WAFKI,"T8.5 5.6"" WAFFLE CLAY SLIME KIT 12CT","T8.5 5.6"" WAFFLE CLAY SLIME KIT 12CT","T8.5 5.6"" WAFFLE CLAY SLIME KIT 12CT","T8.5 5.6"" WAFFLE CLAY SLIME KIT 12CT",Others,Modeling & Play-Doh,Rhode Island,Rhode Island,97138984135,9.71E+10,,,,,,,,,,,,,,,,,,,,,,,,,,,,,,,,,,,,,,,,,
,TSK-PIZZA,"4.75"" PIZZA SLIME 8CT","4.75"" PIZZA SLIME 8CT","4.75"" PIZZA SLIME 8CT","4.75"" PIZZA SLIME 8CT",Others,Modeling & Play-Doh,Rhode Island,Rhode Island,9.71E+11,9.71E+11,,,,,,,,,,,,,,,,,,,,,,,,,,,,,,,,,,,,,,,,,
,TSK-ICEKI,"T8.5 5.6"" ICE CREAM CLAY SLIME KIT 12CT","T8.5 5.6"" ICE CREAM CLAY SLIME KIT 12CT","T8.5 5.6"" ICE CREAM CLAY SLIME KIT 12CT","T8.5 5.6"" ICE CREAM CLAY SLIME KIT 12CT",Others,Modeling & Play-Doh,Rhode Island,Rhode Island,97138984111,9.71E+10,,,,,,,,,,,,,,,,,,,,,,,,,,,,,,,,,,,,,,,,,
,TSK-HAMSL,"T8.5 3.2"" CHEESEBURGER CLAY SLIME 12CT","T8.5 3.2"" CHEESEBURGER CLAY SLIME 12CT","T8.5 3.2"" CHEESEBURGER CLAY SLIME 12CT","T8.5 3.2"" CHEESEBURGER CLAY SLIME 12CT",Others,Modeling & Play-Doh,Rhode Island,Rhode Island,97138984104,9.71E+10,,,,,,,,,,,,,,,,,,,,,,,,,,,,,,,,,,,,,,,,,
,TSK-HAMKI,"T8.5 5.6"" CHEESEBURGER CLAY SLIME KIT 12CT","T8.5 5.6"" CHEESEBURGER CLAY SLIME KIT 12CT","T8.5 5.6"" CHEESEBURGER CLAY SLIME KIT 12CT","T8.5 5.6"" CHEESEBURGER CLAY SLIME KIT 12CT",Others,Modeling & Play-Doh,Rhode Island,Rhode Island,97138984142,9.71E+10,,,,,,,,,,,,,,,,,,,,,,,,,,,,,,,,,,,,,,,,,
,TSK-DONSL,"T8.5 3.6"" DONUT CLAY SLIME 12CT","T8.5 3.6"" DONUT CLAY SLIME 12CT","T8.5 3.6"" DONUT CLAY SLIME 12CT","T8.5 3.6"" DONUT CLAY SLIME 12CT",Others,Modeling & Play-Doh,Rhode Island,Rhode Island,97138984098,9.71E+10,,,,,,,,,,,,,,,,,,,,,,,,,,,,,,,,,,,,,,,,,
,TSK-DONKI,"T8.5 5.6"" DONUT CLAY SLIME KIT 12CT","T8.5 5.6"" DONUT CLAY SLIME KIT 12CT","T8.5 5.6"" DONUT CLAY SLIME KIT 12CT","T8.5 5.6"" DONUT CLAY SLIME KIT 12CT",Others,Modeling & Play-Doh,Rhode Island,Rhode Island,97138984128,9.71E+10,,,,,,,,,,,,,,,,,,,,,,,,,,,,,,,,,,,,,,,,,
,TSK-BOBAS,"T13 4.75"" BUBBLE TEA SLIME 12CT","T13 4.75"" BUBBLE TEA SLIME 12CT","T13 4.75"" BUBBLE TEA SLIME 12CT","T13 4.75"" BUBBLE TEA SLIME 12CT",Others,Modeling & Play-Doh,Rhode Island,Rhode Island,97138969910,9.71E+10,,,,,,,,,,,,,,,,,,,,,,,,,,,,,,,,,,,,,,,,,
,FR-SSUVO,Sensory Water Stick Volcano,Sensory Water Stick Volcano,Sensory Water Stick Volcano,Sensory Water Stick Volcano,Others,Impulse,Rhode Island,Rhode Island,97138966797,9.71E+10,,,,,,,,,,,,,,,,,,,,,,,,,,,,,,,,,,,,,,,,,
,,BONE CRACKER,BONE CRACKER,BONE CRACKER,BONE CRACKER,Others,Impulse,Rhode Island,Rhode Island,97138954541,9.71E+10,,,,,,,,,,,,,,,,,,,,,,,,,,,,,,,,,,,,,,,,,
,,GIGGLE NOISE MAKER,GIGGLE NOISE MAKER,GIGGLE NOISE MAKER,GIGGLE NOISE MAKER,Others,Impulse,Rhode Island,Rhode Island,97138954534,9.71E+10,,,,,,,,,,,,,,,,,,,,,,,,,,,,,,,,,,,,,,,,,
,,MUSICAL,MUSICAL,MUSICAL,MUSICAL,Others,Impulse,Rhode Island,Rhode Island,97138671745,9.71E+10,,,,,,,,,,,,,,,,,,,,,,,,,,,,,,,,,,,,,,,,,
,,LED FAN,LED FAN,LED FAN,LED FAN,Others,Impulse,Rhode Island,Rhode Island,97138651112,9.71E+10,,,,,,,,,,,,,,,,,,,,,,,,,,,,,,,,,,,,,,,,,
,SK-RBPUT,"4"" Rainbow Bouncing Putty","4"" Rainbow Bouncing Putty","4"" Rainbow Bouncing Putty","4"" Rainbow Bouncing Putty",Others,Painting & Coloring,Rhode Island,Rhode Island,97138912084,9.71E+10,,,,,,,,,,,,,,,,,,,,,,,,,,,,,,,,,,,,,,,,,
,,ZOO CRAYONS,ZOO CRAYONS,ZOO CRAYONS,ZOO CRAYONS,Others,Painting & Coloring,Rhode Island,Rhode Island,97138701893,9.71E+10,,,,,,,,,,,,,,,,,,,,,,,,,,,,,,,,,,,,,,,,,
,TCA-SGFRU,"T13 SQUEEZY SUGAR FRUIT ASSORTMENT 2.5""-5"" (12PC)","T13 SQUEEZY SUGAR FRUIT ASSORTMENT 2.5""-5"" (12PC)","T13 SQUEEZY SUGAR FRUIT ASSORTMENT 2.5""-5"" (12PC)","T13 SQUEEZY SUGAR FRUIT ASSORTMENT 2.5""-5"" (12PC)",Others,Painting & Coloring,Rhode Island,Rhode Island,97138960573,9.71E+10,,,,,,,,,,,,,,,,,,,,,,,,,,,,,,,,,,,,,,,,,
,TY-BTCRA,Bath TIME Crayons,Bath TIME Crayons,Bath TIME Crayons,Bath TIME Crayons,Others,Painting & Coloring,Rhode Island,Rhode Island,97138959614,9.71E+10,,,,,,,,,,,,,,,,,,,,,,,,,,,,,,,,,,,,,,,,,
,BA-MSBAL,Squeeze Mesh Bead Ball,Squeeze Mesh Bead Ball,Squeeze Mesh Bead Ball,Squeeze Mesh Bead Ball,Others,Painting & Coloring,Rhode Island,Rhode Island,97138906694,9.71E+10,,,,,,,,,,,,,,,,,,,,,,,,,,,,,,,,,,,,,,,,,
,FR-PINRB,"RAINBOW PIN ART 5""X3.75""","RAINBOW PIN ART 5""X3.75""","RAINBOW PIN ART 5""X3.75""","RAINBOW PIN ART 5""X3.75""",Others,Painting & Coloring,Rhode Island,Rhode Island,97138929723,9.71E+10,,,,,,,,,,,,,,,,,,,,,,,,,,,,,,,,,,,,,,,,,
,,CRAYON,CRAYON,CRAYON,CRAYON,Others,Painting & Coloring,Rhode Island,Rhode Island,97138619037,9.71E+10,,,,,,,,,,,,,,,,,,,,,,,,,,,,,,,,,,,,,,,,,
,,PAINT,PAINT,PAINT,PAINT,Others,Painting & Coloring,Rhode Island,Rhode Island,97138658845,9.71E+10,,,,,,,,,,,,,,,,,,,,,,,,,,,,,,,,,,,,,,,,,
,TY-LACSE,"31"" Lacrosse Set","31"" Lacrosse Set","31"" Lacrosse Set","31"" Lacrosse Set",Others,Party & Group Games,Rhode Island,Rhode Island,97138926210,9.71E+10,,,,,,,,,,,,,,,,,,,,,,,,,,,,,,,,,,,,,,,,,
,CA-SLSTR,PARTY STRING,PARTY STRING,PARTY STRING,PARTY STRING,Others,Party & Group Games,Rhode Island,Rhode Island,97138400819,9.71E+10,,,,,,,,,,,,,,,,,,,,,,,,,,,,,,,,,,,,,,,,,
,,8 LOOT BAGS,8 LOOT BAGS,8 LOOT BAGS,8 LOOT BAGS,Others,Party Favors,Rhode Island,Rhode Island,97138760005,9.71E+10,,,,,,,,,,,,,,,,,,,,,,,,,,,,,,,,,,,,,,,,,
,,HORN,HORN,HORN,HORN,Others,Party Favors,Rhode Island,Rhode Island,97138750891,9.71E+10,,,,,,,,,,,,,,,,,,,,,,,,,,,,,,,,,,,,,,,,,
,CA-WATSP,Jumbo Sparkle Water Wiggler 8,Jumbo Sparkle Water Wiggler 8,Jumbo Sparkle Water Wiggler 8,Jumbo Sparkle Water Wiggler 8,Others,Play Figures & Sets,Rhode Island,Rhode Island,97138935502,9.71E+10,,,,,,,,,,,,,,,,,,,,,,,,,,,,,,,,,,,,,,,,,
,,Plastic Beach Play Set 4pc,Plastic Beach Play Set 4pc,Plastic Beach Play Set 4pc,Plastic Beach Play Set 4pc,Others,Play Figures & Sets,Rhode Island,Rhode Island,97138769312,9.71E+10,,,,,,,,,,,,,,,,,,,,,,,,,,,,,,,,,,,,,,,,,
,,CLOWN NOSE,CLOWN NOSE,CLOWN NOSE,CLOWN NOSE,Others,Play Figures & Sets,Rhode Island,Rhode Island,97138954299,9.71E+10,,,,,,,,,,,,,,,,,,,,,,,,,,,,,,,,,,,,,,,,,
,,METAL PUZZALE,METAL PUZZALE,METAL PUZZALE,METAL PUZZALE,Others,Card & Travel Games,Rhode Island,Rhode Island,97138765901,9.71E+10,,,,,,,,,,,,,,,,,,,,,,,,,,,,,,,,,,,,,,,,,
,SL-CAGCO,Classic Card Game Assortment,Classic Card Game Assortment,Classic Card Game Assortment,Classic Card Game Assortment,Others,Card & Travel Games,Rhode Island,Rhode Island,97138620323,9.71E+10,,,,,,,,,,,,,,,,,,,,,,,,,,,,,,,,,,,,,,,,,
,GA-PLCAR,PLAYING CARDS,PLAYING CARDS,PLAYING CARDS,PLAYING CARDS,Others,Card & Travel Games,Rhode Island,Rhode Island,97138663375,9.71E+10,,,,,,,,,,,,,,,,,,,,,,,,,,,,,,,,,,,,,,,,,
,GA-CHEBO,Game of Chess,Game of Chess,Game of Chess,Game of Chess,Others,Board & Classic Games,Rhode Island,Rhode Island,97138915801,9.71E+10,,,,,,,,,,,,,,,,,,,,,,,,,,,,,,,,,,,,,,,,,
,,CATCH GAME,CATCH GAME,CATCH GAME,CATCH GAME,Others,Card & Travel Games,Rhode Island,Rhode Island,97138616531,9.71E+10,,,,,,,,,,,,,,,,,,,,,,,,,,,,,,,,,,,,,,,,,
,,RUBBER BAND GAME,RUBBER BAND GAME,RUBBER BAND GAME,RUBBER BAND GAME,Others,Card & Travel Games,Rhode Island,Rhode Island,97138901729,9.71E+10,,,,,,,,,,,,,,,,,,,,,,,,,,,,,,,,,,,,,,,,,
,,"2"" Metal IQ Wire Puzzles","2"" Metal IQ Wire Puzzles","2"" Metal IQ Wire Puzzles","2"" Metal IQ Wire Puzzles",Others,Problem Solving Games ,Rhode Island,Rhode Island,97138964465,9.71E+10,,,,,,,,,,,,,,,,,,,,,,,,,,,,,,,,,,,,,,,,,
,,WOODEN MAGIC CUBE PUZZLE,WOODEN MAGIC CUBE PUZZLE,WOODEN MAGIC CUBE PUZZLE,WOODEN MAGIC CUBE PUZZLE,Others,Problem Solving Games ,Rhode Island,Rhode Island,97138637833,9.71E+10,,,,,,,,,,,,,,,,,,,,,,,,,,,,,,,,,,,,,,,,,
,,SNAP & CLICK PUZZLE,SNAP & CLICK PUZZLE,SNAP & CLICK PUZZLE,SNAP & CLICK PUZZLE,Others,Problem Solving Games ,Rhode Island,Rhode Island,97138946454,9.71E+10,,,,,,,,,,,,,,,,,,,,,,,,,,,,,,,,,,,,,,,,,
,,SNAP AND CLICK,SNAP AND CLICK,SNAP AND CLICK,SNAP AND CLICK,Others,Problem Solving Games ,Rhode Island,Rhode Island,97138946447,9.71E+10,,,,,,,,,,,,,,,,,,,,,,,,,,,,,,,,,,,,,,,,,
,,NUMBER PUZZLE,NUMBER PUZZLE,NUMBER PUZZLE,NUMBER PUZZLE,Others,Problem Solving Games ,Rhode Island,Rhode Island,97138936653,9.71E+10,,,,,,,,,,,,,,,,,,,,,,,,,,,,,,,,,,,,,,,,,
,,"8"" EMOTICON DISC BRACELET","8"" EMOTICON DISC BRACELET","8"" EMOTICON DISC BRACELET","8"" EMOTICON DISC BRACELET",Others,Sewing & Jewelry,Rhode Island,Rhode Island,97138863119,9.71E+10,,,,,,,,,,,,,,,,,,,,,,,,,,,,,,,,,,,,,,,,,
,,SEQUIN SLAP BRACELET,SEQUIN SLAP BRACELET,SEQUIN SLAP BRACELET,SEQUIN SLAP BRACELET,Others,Sewing & Jewelry,Rhode Island,Rhode Island,97138872333,9.71E+10,,,,,,,,,,,,,,,,,,,,,,,,,,,,,,,,,,,,,,,,,
,,EMOJI RING,EMOJI RING,EMOJI RING,EMOJI RING,Others,Sewing & Jewelry,Rhode Island,Rhode Island,97138836458,9.71E+10,,,,,,,,,,,,,,,,,,,,,,,,,,,,,,,,,,,,,,,,,
,,BAT AND BALL SET,BAT AND BALL SET,BAT AND BALL SET,BAT AND BALL SET,Others,Sports & Active Play,Rhode Island,Rhode Island,97138915757,9.71E+10,,,,,,,,,,,,,,,,,,,,,,,,,,,,,,,,,,,,,,,,,
,,2 IN 1 SPEED TOP FLYER,2 IN 1 SPEED TOP FLYER,2 IN 1 SPEED TOP FLYER,2 IN 1 SPEED TOP FLYER,Others,Sports & Active Play,Rhode Island,Rhode Island,97138901903,9.71E+10,,,,,,,,,,,,,,,,,,,,,,,,,,,,,,,,,,,,,,,,,
,,RETRO SUNGLASSES,RETRO SUNGLASSES,RETRO SUNGLASSES,RETRO SUNGLASSES,Others,Sports & Active Play,Rhode Island,Rhode Island,97138808004,9.71E+10,,,,,,,,,,,,,,,,,,,,,,,,,,,,,,,,,,,,,,,,,
,,MINI PING PONG,MINI PING PONG,MINI PING PONG,MINI PING PONG,Others,Sports & Active Play,Rhode Island,Rhode Island,97138803504,9.71E+10,,,,,,,,,,,,,,,,,,,,,,,,,,,,,,,,,,,,,,,,,
,,MISTER,MISTER,MISTER,MISTER,Others,Sports & Active Play,Rhode Island,Rhode Island,97138783899,9.71E+10,,,,,,,,,,,,,,,,,,,,,,,,,,,,,,,,,,,,,,,,,
,,BONOCULARS,BONOCULARS,BONOCULARS,BONOCULARS,Others,Sports & Active Play,Rhode Island,Rhode Island,97138783530,9.71E+10,,,,,,,,,,,,,,,,,,,,,,,,,,,,,,,,,,,,,,,,,
,,SUNGLASSES,SUNGLASSES,SUNGLASSES,SUNGLASSES,Others,Sports & Active Play,Rhode Island,Rhode Island,97138782618,9.71E+10,,,,,,,,,,,,,,,,,,,,,,,,,,,,,,,,,,,,,,,,,
,,HORN,HORN,HORN,HORN,Others,Sports & Active Play,Rhode Island,Rhode Island,97138760319,9.71E+10,,,,,,,,,,,,,,,,,,,,,,,,,,,,,,,,,,,,,,,,,
,,BALL,BALL,BALL,BALL,Others,Sports & Active Play,Rhode Island,Rhode Island,97138748058,9.71E+10,,,,,,,,,,,,,,,,,,,,,,,,,,,,,,,,,,,,,,,,,
,,ROLL LAND YARN 100 YARDS,ROLL LAND YARN 100 YARDS,ROLL LAND YARN 100 YARDS,ROLL LAND YARN 100 YARDS,Others,Sports & Active Play,Rhode Island,Rhode Island,97138730381,9.71E+10,,,,,,,,,,,,,,,,,,,,,,,,,,,,,,,,,,,,,,,,,
,,SUPER FLYING DISC,SUPER FLYING DISC,SUPER FLYING DISC,SUPER FLYING DISC,Others,Sports & Active Play,Rhode Island,Rhode Island,97138729064,9.71E+10,,,,,,,,,,,,,,,,,,,,,,,,,,,,,,,,,,,,,,,,,
,,BOUNCY CLAY,BOUNCY CLAY,BOUNCY CLAY,BOUNCY CLAY,Others,Sports & Active Play,Rhode Island,Rhode Island,97138695338,9.71E+10,,,,,,,,,,,,,,,,,,,,,,,,,,,,,,,,,,,,,,,,,
,,SOCCER BALL,SOCCER BALL,SOCCER BALL,SOCCER BALL,Others,Sports & Active Play,Rhode Island,Rhode Island,97138655516,9.71E+10,,,,,,,,,,,,,,,,,,,,,,,,,,,,,,,,,,,,,,,,,
,,SMALL BASKETBALL,SMALL BASKETBALL,SMALL BASKETBALL,SMALL BASKETBALL,Others,Sports & Active Play,Rhode Island,Rhode Island,97138654687,9.71E+10,,,,,,,,,,,,,,,,,,,,,,,,,,,,,,,,,,,,,,,,,
,,ROCKET DART,ROCKET DART,ROCKET DART,ROCKET DART,Others,Sports & Active Play,Rhode Island,Rhode Island,97138650184,9.71E+10,,,,,,,,,,,,,,,,,,,,,,,,,,,,,,,,,,,,,,,,,
,,BLACKBOARD AND CHALK SET,BLACKBOARD AND CHALK SET,BLACKBOARD AND CHALK SET,BLACKBOARD AND CHALK SET,Others,Sports & Active Play,Rhode Island,Rhode Island,97138645661,9.71E+10,,,,,,,,,,,,,,,,,,,,,,,,,,,,,,,,,,,,,,,,,
,,WOODEN HANDLE JUMP ROPE,WOODEN HANDLE JUMP ROPE,WOODEN HANDLE JUMP ROPE,WOODEN HANDLE JUMP ROPE,Others,Sports & Active Play,Rhode Island,Rhode Island,97138631565,9.71E+10,,,,,,,,,,,,,,,,,,,,,,,,,,,,,,,,,,,,,,,,,
,,BASKET BALL,BASKET BALL,BASKET BALL,BASKET BALL,Others,Sports & Active Play,Rhode Island,Rhode Island,97138614469,9.71E+10,,,,,,,,,,,,,,,,,,,,,,,,,,,,,,,,,,,,,,,,,
,,JUMP ROPE,JUMP ROPE,JUMP ROPE,JUMP ROPE,Others,Sports & Active Play,Rhode Island,Rhode Island,97138610676,9.71E+10,,,,,,,,,,,,,,,,,,,,,,,,,,,,,,,,,,,,,,,,,
,,BUBBLES 12 PACK,BUBBLES 12 PACK,BUBBLES 12 PACK,BUBBLES 12 PACK,Others,Sports & Active Play,Rhode Island,Rhode Island,97138610669,9.71E+10,,,,,,,,,,,,,,,,,,,,,,,,,,,,,,,,,,,,,,,,,
,,BOOMERANG,BOOMERANG,BOOMERANG,BOOMERANG,Others,Sports & Active Play,Rhode Island,Rhode Island,97138600899,9.71E+10,,,,,,,,,,,,,,,,,,,,,,,,,,,,,,,,,,,,,,,,,
,,JUMP ROPE,JUMP ROPE,JUMP ROPE,JUMP ROPE,Others,Sports & Active Play,Rhode Island,Rhode Island,97138600813,9.71E+10,,,,,,,,,,,,,,,,,,,,,,,,,,,,,,,,,,,,,,,,,
,,WATER GUN,WATER GUN,WATER GUN,WATER GUN,Others,Sports & Active Play,Rhode Island,Rhode Island,97138600585,9.71E+10,,,,,,,,,,,,,,,,,,,,,,,,,,,,,,,,,,,,,,,,,
,,FLYING SAUCER,FLYING SAUCER,FLYING SAUCER,FLYING SAUCER,Others,Sports & Active Play,Rhode Island,Rhode Island,97138600523,9.71E+10,,,,,,,,,,,,,,,,,,,,,,,,,,,,,,,,,,,,,,,,,
,SB-BASK5,BASKETBALL,BASKETBALL,BASKETBALL,BASKETBALL,Others,Sports & Active Play,Rhode Island,Rhode Island,97138971418,9.71E+10,,,,,,,,,,,,,,,,,,,,,,,,,,,,,,,,,,,,,,,,,
,BA-COMRI,Comet Ribbon Ball,Comet Ribbon Ball,Comet Ribbon Ball,Comet Ribbon Ball,Others,Sports & Active Play,Rhode Island,Rhode Island,97138974952,9.71E+10,,,,,,,,,,,,,,,,,,,,,,,,,,,,,,,,,,,,,,,,,
,LA-ROCSE,Rocket Balloon 20pk,Rocket Balloon 20pk,Rocket Balloon 20pk,Rocket Balloon 20pk,Others,Sports & Active Play,Rhode Island,Rhode Island,97138961334,9.71E+10,,,,,,,,,,,,,,,,,,,,,,,,,,,,,,,,,,,,,,,,,
,,"21.5"" Baseball Bat Set","21.5"" Baseball Bat Set","21.5"" Baseball Bat Set","21.5"" Baseball Bat Set",Others,Sports & Active Play,Rhode Island,Rhode Island,97138941602,9.71E+10,,,,,,,,,,,,,,,,,,,,,,,,,,,,,,,,,,,,,,,,,
,,Pickleball Practice Set,Pickleball Practice Set,Pickleball Practice Set,Pickleball Practice Set,Others,Sports & Active Play,Rhode Island,Rhode Island,97138957658,9.71E+10,,,,,,,,,,,,,,,,,,,,,,,,,,,,,,,,,,,,,,,,,
,GW-BALB5,"(T) 5"" Ball Launcher","(T) 5"" Ball Launcher","(T) 5"" Ball Launcher","(T) 5"" Ball Launcher",Others,Sports & Active Play,Rhode Island,Rhode Island,97138913173,9.71E+10,,,,,,,,,,,,,,,,,,,,,,,,,,,,,,,,,,,,,,,,,
,GA-SLAGA,"(T) 8.5"" Sports Slap Games","(T) 8.5"" Sports Slap Games","(T) 8.5"" Sports Slap Games","(T) 8.5"" Sports Slap Games",Others,Sports & Active Play,Rhode Island,Rhode Island,97138725141,9.71E+10,,,,,,,,,,,,,,,,,,,,,,,,,,,,,,,,,,,,,,,,,
,CA-SPI14,"14"" Jumbo Ice Cream Launcher","14"" Jumbo Ice Cream Launcher","14"" Jumbo Ice Cream Launcher","14"" Jumbo Ice Cream Launcher",Others,Sports & Active Play,Rhode Island,Rhode Island,97138782328,9.71E+10,,,,,,,,,,,,,,,,,,,,,,,,,,,,,,,,,,,,,,,,,
,TY-SUPSA,SUPER SAUCER LAUNCHER,SUPER SAUCER LAUNCHER,SUPER SAUCER LAUNCHER,SUPER SAUCER LAUNCHER,Others,Sports & Active Play,Rhode Island,Rhode Island,97138901910,9.71E+10,,,,,,,,,,,,,,,,,,,,,,,,,,,,,,,,,,,,,,,,,
,,SKIP BALL,SKIP BALL,SKIP BALL,SKIP BALL,Others,Sports & Active Play,Rhode Island,Rhode Island,97138895004,9.71E+10,,,,,,,,,,,,,,,,,,,,,,,,,,,,,,,,,,,,,,,,,
,BU-TOUCH,Touchable Bubbles,Touchable Bubbles,Touchable Bubbles,Touchable Bubbles,Others,Water & Summer Fun,Rhode Island,Rhode Island,97138657428,9.71E+10,,,,,,,,,,,,,,,,,,,,,,,,,,,,,,,,,,,,,,,,,
,,Water Game,Water Game,Water Game,Water Game,Others,Water & Summer Fun,Rhode Island,Rhode Island,97138757449,9.71E+10,,,,,,,,,,,,,,,,,,,,,,,,,,,,,,,,,,,,,,,,,
,,WATER BLASTER,WATER BLASTER,WATER BLASTER,WATER BLASTER,Others,Water & Summer Fun,Rhode Island,Rhode Island,97138906496,9.71E+10,,,,,,,,,,,,,,,,,,,,,,,,,,,,,,,,,,,,,,,,,
,,MINI WATER THING,MINI WATER THING,MINI WATER THING,MINI WATER THING,Others,Water & Summer Fun,Rhode Island,Rhode Island,97138632937,9.71E+10,,,,,,,,,,,,,,,,,,,,,,,,,,,,,,,,,,,,,,,,,
,,BEACHCOMBER,BEACHCOMBER,BEACHCOMBER,BEACHCOMBER,Others,Water & Summer Fun,Rhode Island,Rhode Island,97138610201,9.71E+10,,,,,,,,,,,,,,,,,,,,,,,,,,,,,,,,,,,,,,,,,
,TLN KDGSH,KIDS GARDEN SHOVEL (6PCS /CASE),KIDS GARDEN SHOVEL (6PCS /CASE),KIDS GARDEN SHOVEL (6PCS /CASE),KIDS GARDEN SHOVEL (6PCS /CASE),Others,Winter,Rhode Island,Rhode Island,97138963345,9.71E+10,,,,,,,,,,,,,,,,,,,,,,,,,,,,,,,,,,,,,,,,,
,TLN-KDPBR,KIDS PUSH BROOM (6PCS/CASE),KIDS PUSH BROOM (6PCS/CASE),KIDS PUSH BROOM (6PCS/CASE),KIDS PUSH BROOM (6PCS/CASE),Others,Winter,Rhode Island,Rhode Island,97138963352,9.71E+10,,,,,,,,,,,,,,,,,,,,,,,,,,,,,,,,,,,,,,,,,
,TLN-KDGRA,KIDS GARDEN RAKE (6PCS/CASE),KIDS GARDEN RAKE (6PCS/CASE),KIDS GARDEN RAKE (6PCS/CASE),KIDS GARDEN RAKE (6PCS/CASE),Others,Winter,Rhode Island,Rhode Island,97138963338,9.71E+10,,,,,,,,,,,,,,,,,,,,,,,,,,,,,,,,,,,,,,,,,
,SP-PENSH,10 COLOUR PEN,10 COLOUR PEN,10 COLOUR PEN,10 COLOUR PEN,Others,Writing Supplies,Rhode Island,Rhode Island,97138661531,9.71E+10,,,,,,,,,,,,,,,,,,,,,,,,,,,,,,,,,,,,,,,,,
,JK-DISTU,DISAPPEARING INK,DISAPPEARING INK,DISAPPEARING INK,DISAPPEARING INK,Others,Writing Supplies,Rhode Island,Rhode Island,97138635730,9.71E+10,,,,,,,,,,,,,,,,,,,,,,,,,,,,,,,,,,,,,,,,,
,,DISAPPEARING INK BLASTERS,DISAPPEARING INK BLASTERS,DISAPPEARING INK BLASTERS,DISAPPEARING INK BLASTERS,Others,Writing Supplies,Rhode Island,Rhode Island,97138944870,9.71E+10,,,,,,,,,,,,,,,,,,,,,,,,,,,,,,,,,,,,,,,,,
,JK-DISIN,DISAPPEARING INK,DISAPPEARING INK,DISAPPEARING INK,DISAPPEARING INK,Others,Writing Supplies,Rhode Island,Rhode Island,97138618085,9.71E+10,,,,,,,,,,,,,,,,,,,,,,,,,,,,,,,,,,,,,,,,,