Picture,Number,Name(Zh),Name(En),Name(Es),Name(It),Department,Category,Custom Category,Brand,Custom Brand,UPC Code,Origin(UPC),Description,IPK Code,Origin(IPK),Case Code,Origin(Case),Craft(Zh),Craft(En),Craft(Es),Craft(It),Case Rate,Case Length(ft),Case Width(ft),Case Height(ft),Case Cube(ft³),Case Weight(lb),Layer Rate(Case),Pallet Rate(Case),IPK Rate,IPK Length(ft),IPK Width(ft),IPK Height(ft),IPK Cube(ft³),IPK Weight(lb),Layer Rate(IPK),Pallet Rate(IPK),Dozen Rate,Dozen Length(ft),Dozen Width(ft),Dozen Height(ft),Dozen Cube(ft³),Dozen Weight(lb),Layer Rate(Dozen),Pallet Rate(Dozen),Piece Length(ft),Piece Width(ft),Piece Height(ft),Piece Cube(ft³),Piece Weight(lb),Layer Rate(Piece),Pallet Rate(Piece),Future Sale Manage Rate
https://toys4you-fcpos.s3.us-east-2.amazonaws.com/_wBRx9xMTCZ7R5n_2Q_4b666159-973c-4cc4-a23f-0cdbaee0c938.jpg,CC03,Crystal Crafts: Deer,Crystal Crafts: Deer,Crystal Crafts: Deer,Crystal Crafts: Deer,Arts & Crafts,Judaica Crafts,,Chazak Kinder,Chazak Kinder,7625651623144,7625651623144,,,,,,,,,,,,,,,,,,,,,,,,,,,,,,,,,,,,,,,,,
https://toys4you-fcpos.s3.us-east-2.amazonaws.com/0Z4oBQCgFAKAUAoD_9k_2dc7ba7f-7bbe-4d1d-847f-31a158a18585.jpg,STK77,SCRATCH & SNIFF: PIZZA STICKERS,SCRATCH & SNIFF: PIZZA STICKERS,SCRATCH & SNIFF: PIZZA STICKERS,SCRATCH & SNIFF: PIZZA STICKERS,Arts & Crafts,Judaica Crafts,,Chazak Kinder,Chazak Kinder,643356045044,643356045044,,,,,,,,,,,,,,,,,,,,,,,,,,,,,,,,,,,,,,,,,
https://toys4you-fcpos.s3.us-east-2.amazonaws.com/8Q1Sy2YgF2rKwFlAf_Z_a588734d-9492-4f35-ad7f-58aba54b2992.jpg,CC23,Yerushalayim Crystal Craft,Yerushalayim Crystal Craft,Yerushalayim Crystal Craft,Yerushalayim Crystal Craft,Arts & Crafts,Judaica Crafts,,Chazak Kinder,Chazak Kinder,791126052249,791126052249,,,,,,,,,,,,,,,,,,,,,,,,,,,,,,,,,,,,,,,,,
https://toys4you-fcpos.s3.us-east-2.amazonaws.com/AIAgCAIAgCAIAgH_2Q_5e7b1371-7d56-4827-835d-a4a462d4e8d1.jpg,427,MY TEACHER SET,MY TEACHER SET,MY TEACHER SET,MY TEACHER SET,Arts & Crafts,Judaica Crafts,,Chazak Kinder,Chazak Kinder,748322279772,748322279772,,,,,,,,,,,,,,,,,,,,,,,,,,,,,,,,,,,,,,,,,
https://toys4you-fcpos.s3.us-east-2.amazonaws.com/AKACgAoAKACgAoA_9k_2e6f8c7a-c7a1-4a55-9198-c9dc55d01f94.jpg,CC02,CRYSTAL CRAFT USHPEZIN,CRYSTAL CRAFT USHPEZIN,CRYSTAL CRAFT USHPEZIN,CRYSTAL CRAFT USHPEZIN,Arts & Crafts,Judaica Crafts,,Chazak Kinder,Chazak Kinder,791126052348,791126052348,,,,,,,,,,,,,,,,,,,,,,,,,,,,,,,,,,,,,,,,,
https://toys4you-fcpos.s3.us-east-2.amazonaws.com/AQAgBACAEAIAQAgP_9k_a80f6b99-5527-4260-bff0-8522ce06928e.jpg,BZ122C,KRIAS SHEMA CANVAS,KRIAS SHEMA CANVAS,KRIAS SHEMA CANVAS,KRIAS SHEMA CANVAS,Arts & Crafts,Judaica Crafts,,Chazak Kinder,Chazak Kinder,793565251900,793565251900,,,,,,,,,,,,,,,,,,,,,,,,,,,,,,,,,,,,,,,,,
https://toys4you-fcpos.s3.us-east-2.amazonaws.com/CqJwIVVQ4EKvVgQv_9k_8a5516ce-0d00-4f2b-b318-f56b753daf26.jpg,CC12,CRYSTAL CRAFTS SUKKAH SET,CRYSTAL CRAFTS SUKKAH SET,CRYSTAL CRAFTS SUKKAH SET,CRYSTAL CRAFTS SUKKAH SET,Arts & Crafts,Judaica Crafts,,Chazak Kinder,Chazak Kinder,7437530829802,7437530829802,,,,,,,,,,,,,,,,,,,,,,,,,,,,,,,,,,,,,,,,,
https://toys4you-fcpos.s3.us-east-2.amazonaws.com/gCiiigCiiigCiiigP_Z_173b56e0-6d9c-4dcb-b9ad-d6a3ad1eefe2.jpg,BZ122B,SHABBOS CANVAS,SHABBOS CANVAS,SHABBOS CANVAS,SHABBOS CANVAS,Arts & Crafts,Judaica Crafts,,Chazak Kinder,Chazak Kinder,793565251894,793565251894,,,,,,,,,,,,,,,,,,,,,,,,,,,,,,,,,,,,,,,,,
https://toys4you-fcpos.s3.us-east-2.amazonaws.com/j7BRRRShoUUUUAf_2Q_f1c51aa5-d56a-4b13-a85a-7c02fed91139.jpg,BZD13,Diamondz Sefer Torah,Diamondz Sefer Torah,Diamondz Sefer Torah,Diamondz Sefer Torah,Arts & Crafts,Judaica Crafts,,Chazak Kinder,Chazak Kinder,696168619262,696168619262,,,,,,,,,,,,,,,,,,,,,,,,,,,,,,,,,,,,,,,,,
https://toys4you-fcpos.s3.us-east-2.amazonaws.com/QBAEAQBAEAQBAEAQD_Z_71fdb5d1-2437-4a2e-946b-0f2a150e7586.jpg,STK235,SCRATCH & SNIFF: TACO STICKERS,SCRATCH & SNIFF: TACO STICKERS,SCRATCH & SNIFF: TACO STICKERS,SCRATCH & SNIFF: TACO STICKERS,Arts & Crafts,Judaica Crafts,,Chazak Kinder,Chazak Kinder,192073566603,192073566603,,,,,,,,,,,,,,,,,,,,,,,,,,,,,,,,,,,,,,,,,
https://toys4you-fcpos.s3.us-east-2.amazonaws.com/x_xG7_pD_u_9Ud1zX_Z_813cbb9b-3905-4148-a671-ec3d5019ef08.jpg,BZD10,Dimondz 3x3 Mandala Star,Dimondz 3x3 Mandala Star,Dimondz 3x3 Mandala Star,Dimondz 3x3 Mandala Star,Arts & Crafts,Judaica Crafts,,Chazak Kinder,Chazak Kinder,696168619231,696168619231,,,,,,,,,,,,,,,,,,,,,,,,,,,,,,,,,,,,,,,,,
https://www.chazakkinder.com/cdn/shop/files/CC22_400x.png?v=1727114285,CC22,Crystal Crafts Clock,Crystal Crafts Clock,Crystal Crafts Clock,Crystal Crafts Clock,Arts & Crafts,Judaica Crafts,,Chazak Kinder,Chazak Kinder,696168619835,696168619835,,,,,,,,,,,,,,,,,,,,,,,,,,,,,,,,,,,,,,,,,
https://www.chazakkinder.com/cdn/shop/files/CC24_400x.png?v=1727114330,CC24,Netilas Lulav Crystal Craft,Netilas Lulav Crystal Craft,Netilas Lulav Crystal Craft,Netilas Lulav Crystal Craft,Arts & Crafts,Judaica Crafts,,Chazak Kinder,Chazak Kinder,791126052270,791126052270,,,,,,,,,,,,,,,,,,,,,,,,,,,,,,,,,,,,,,,,,
https://www.chazakkinder.com/cdn/shop/products/Screenshot2022-02-02161928_202x.png?v=1643836951,CC25,V'Samachta Bichagecha Crystal Craft,V'Samachta Bichagecha Crystal Craft,V'Samachta Bichagecha Crystal Craft,V'Samachta Bichagecha Crystal Craft,Arts & Crafts,Judaica Crafts,,Chazak Kinder,Chazak Kinder,791126052263,791126052263,,,,,,,,,,,,,,,,,,,,,,,,,,,,,,,,,,,,,,,,,
https://www.chazakkinder.com/cdn/shop/products/sukkacraftframesample_1_400x.jpg?v=1625237380,CC10,crystel craft,crystel craft,crystel craft,crystel craft,Arts & Crafts,Judaica Crafts,,Chazak Kinder,Chazak Kinder,7426999947035,7426999947035,,,,,,,,,,,,,,,,,,,,,,,,,,,,,,,,,,,,,,,,,
https://toys4you-fcpos.s3.us-east-2.amazonaws.com/hFCEUIRQhFCEUIX_2Q_ebf8222d-87c0-4db4-9435-fe7f2f3b3f3a.jpg,TK068,ALEF BEIS SNAP IT SET,ALEF BEIS SNAP IT SET,ALEF BEIS SNAP IT SET,ALEF BEIS SNAP IT SET,Arts & Crafts,Judaica Crafts,,Chazak Kinder,Chazak Kinder,696177623519,696177623519,,,,,,,,,,,,,,,,,,,,,,,,,,,,,,,,,,,,,,,,,
https://toys4you-fcpos.s3.us-east-2.amazonaws.com/EAQBAEAQBAEAQBAf_9k_d2102777-3e42-4955-831d-84944d234d6f.jpg,ck027,wooden train track set,wooden train track set,wooden train track set,wooden train track set,Baby & Toddler Toys,Trains & Railways,,Chazak Kinder,Chazak Kinder,696168619422,696168619422,,,,,,,,,,,,,,,,,,,,,,,,,,,,,,,,,,,,,,,,,
https://www.chazakkinder.com/cdn/shop/products/mockupwords_400x.png?v=1612989807,TK041,MY FIRST 120 WORDS,MY FIRST 120 WORDS,MY FIRST 120 WORDS,MY FIRST 120 WORDS,Baby & Toddler Toys,Judaica Books,,Chazak Kinder,Chazak Kinder,9781950793044,9781950793044,,,,,,,,,,,,,,,,,,,,,,,,,,,,,,,,,,,,,,,,,
https://www.chazakkinder.com/cdn/shop/products/TK009-lightbox_400x.jpg?v=1610553536,TK009,Motorized Emergency Rescue Train,Motorized Emergency Rescue Train,Motorized Emergency Rescue Train,Motorized Emergency Rescue Train,Baby & Toddler Toys,Trains & Railways,,Chazak Kinder,Chazak Kinder,789185827045,789185827045,,,,,,,,,,,,,,,,,,,,,,,,,,,,,,,,,,,,,,,,,
https://www.chazakkinder.com/cdn/shop/products/Tk042-2-lightbox_400x.jpg?v=1610562598,TK042,Wooden Alef Bais Train Set,Wooden Alef Bais Train Set,Wooden Alef Bais Train Set,Wooden Alef Bais Train Set,Baby & Toddler Toys,Judaica Books,,Chazak Kinder,Chazak Kinder,602401929470,602401929470,,,,,,,,,,,,,,,,,,,,,,,,,,,,,,,,,,,,,,,,,
https://toys4you-fcpos.s3.us-east-2.amazonaws.com/actDHPclSpUpYJ_2Q_72ec9a61-b807-4066-97e8-dfc087e243b0.jpg,8038,MITGELEIBT CHAZAL #3,MITGELEIBT CHAZAL #3,MITGELEIBT CHAZAL #3,MITGELEIBT CHAZAL #3,Books,Judaica Books,,Chazak Kinder,Chazak Kinder,9781680915228,9781680915228,,,,,,,,,,,,,,,,,,,,,,,,,,,,,,,,,,,,,,,,,
https://toys4you-fcpos.s3.us-east-2.amazonaws.com/BQCgFAKAUAoBQCgP_9k_dfca6190-7707-45e9-a05f-68ef0ac98064.jpg,5976,Mitgelebt Sukkos,Mitgelebt Sukkos,Mitgelebt Sukkos,Mitgelebt Sukkos,Books,Judaica Books,,Chazak Kinder,Chazak Kinder,9781680911329,9781680911329,,,,,,,,,,,,,,,,,,,,,,,,,,,,,,,,,,,,,,,,,
https://toys4you-fcpos.s3.us-east-2.amazonaws.com/CAIAgCAIAgCAIAgCA_Z_df19a795-bee1-4981-9ca3-e3844491623c.jpg,5966,MITGELEBT FIN MITZRAYIM BOOK,MITGELEBT FIN MITZRAYIM BOOK,MITGELEBT FIN MITZRAYIM BOOK,MITGELEBT FIN MITZRAYIM BOOK,Books,Judaica Books,,Chazak Kinder,Chazak Kinder,9781680910728,9781680910728,,,,,,,,,,,,,,,,,,,,,,,,,,,,,,,,,,,,,,,,,
https://toys4you-fcpos.s3.us-east-2.amazonaws.com/download_944e6794-6d6c-4e27-857f-ee53f4e20a1b.jpg,423,PAN PAL new,PAN PAL new,PAN PAL new,PAN PAL new,Books,Judaica Books,,Chazak Kinder,Chazak Kinder,9781680919264,9781680919264,,,,,,,,,,,,,,,,,,,,,,,,,,,,,,,,,,,,,,,,,
https://toys4you-fcpos.s3.us-east-2.amazonaws.com/Ep_hAHwjIyPZM5P_2Q_f16b3cdd-cc67-4464-b7a9-0a93a3d3d7fd.jpg,8306,Eli Kopter Japan #1,Eli Kopter Japan #1,Eli Kopter Japan #1,Eli Kopter Japan #1,Books,Judaica Books,,Chazak Kinder,Chazak Kinder,9781680916751,9781680916751,,,,,,,,,,,,,,,,,,,,,,,,,,,,,,,,,,,,,,,,,
https://toys4you-fcpos.s3.us-east-2.amazonaws.com/FTa8Ar2lYvFSpUqkk_Z_b0b78884-9a81-4470-8e8c-26b5b064cdfc.jpg,8443,Eli Copter #1 Japan (Eng),Eli Copter #1 Japan (Eng),Eli Copter #1 Japan (Eng),Eli Copter #1 Japan (Eng),Books,Judaica Books,,Chazak Kinder,Chazak Kinder,9781680917253,9781680917253,,,,,,,,,,,,,,,,,,,,,,,,,,,,,,,,,,,,,,,,,
https://toys4you-fcpos.s3.us-east-2.amazonaws.com/Hershy_Acht_Geben_20_074d4c9b-966a-4874-8889-11961c4afeda.jpg,H20-53759,Hershy Acht Geben #20: A Meser is a Sakanah (Knives),Hershy Acht Geben #20: A Meser is a Sakanah (Knives),Hershy Acht Geben #20: A Meser is a Sakanah (Knives),Hershy Acht Geben #20: A Meser is a Sakanah (Knives),Books,Comics Books,,Chazak Kinder,Chazak Kinder,9781680910834,9781680910834,,,,,,,,,,,,,,,,,,,,,,,,,,,,,,,,,,,,,,,,,
https://toys4you-fcpos.s3.us-east-2.amazonaws.com/IQljQQhCABCEIA_2Q_9bd3e1e7-e299-4f2c-af85-efce742db6ee.jpg,5988,KRIEAS YAM SIF BOOK,KRIEAS YAM SIF BOOK,KRIEAS YAM SIF BOOK,KRIEAS YAM SIF BOOK,Books,Judaica Books,,Chazak Kinder,Chazak Kinder,9781680911701,9781680911701,,,,,,,,,,,,,,,,,,,,,,,,,,,,,,,,,,,,,,,,,
https://toys4you-fcpos.s3.us-east-2.amazonaws.com/pJJUqVKkklSpUqST_9k_786f192c-845d-42db-abaf-d263c06c079e.jpg,8242,Frankreich In Flamen,Frankreich In Flamen,Frankreich In Flamen,Frankreich In Flamen,Books,Judaica Books,,Chazak Kinder,Chazak Kinder,9781680916294,9781680916294,,,,,,,,,,,,,,,,,,,,,,,,,,,,,,,,,,,,,,,,,
https://toys4you-fcpos.s3.us-east-2.amazonaws.com/REAREQBERAEREB_2Q_8a2ca73c-06c3-477a-8b2b-e80a3192911e.jpg,8100,MITGELEIBT STORIES CHAZAL #4 BOOK,MITGELEIBT STORIES CHAZAL #4 BOOK,MITGELEIBT STORIES CHAZAL #4 BOOK,MITGELEIBT STORIES CHAZAL #4 BOOK,Books,Judaica Books,,Chazak Kinder,Chazak Kinder,9781680915389,9781680915389,,,,,,,,,,,,,,,,,,,,,,,,,,,,,,,,,,,,,,,,,
https://www.chazakkinder.com/cdn/shop/files/05_copy_400x.png?v=1756913319,376,Der Rebbe Shikt Tzim Galach Pen Pal Book #5,Der Rebbe Shikt Tzim Galach Pen Pal Book #5,Der Rebbe Shikt Tzim Galach Pen Pal Book #5,Der Rebbe Shikt Tzim Galach Pen Pal Book #5,Books,Judaica Books,,Chazak Kinder,Chazak Kinder,9781680920345,9781680920345,,,,,,,,,,,,,,,,,,,,,,,,,,,,,,,,,,,,,,,,,
https://www.chazakkinder.com/cdn/shop/files/06_copy_400x.png?v=1756913319,375,Tzedakah Brengt Bracha Pen Pal Book #6,Tzedakah Brengt Bracha Pen Pal Book #6,Tzedakah Brengt Bracha Pen Pal Book #6,Tzedakah Brengt Bracha Pen Pal Book #6,Books,Activity Books,,Chazak Kinder,Chazak Kinder,9781680919950,9781680919950,,,,,,,,,,,,,,,,,,,,,,,,,,,,,,,,,,,,,,,,,
https://www.chazakkinder.com/cdn/shop/files/07_copy_400x.png?v=1756913318,374,A Gvir fun shmek Tabak Pen Pal Book #7,A Gvir fun shmek Tabak Pen Pal Book #7,A Gvir fun shmek Tabak Pen Pal Book #7,A Gvir fun shmek Tabak Pen Pal Book #7,Books,Judaica Books,,Chazak Kinder,Chazak Kinder,9781680920055,9781680920055,,,,,,,,,,,,,,,,,,,,,,,,,,,,,,,,,,,,,,,,,
https://www.chazakkinder.com/cdn/shop/files/08_copy_400x.png?v=1756913318,373,Der Rebbe Beim Puritz Pen Pal Book #8,Der Rebbe Beim Puritz Pen Pal Book #8,Der Rebbe Beim Puritz Pen Pal Book #8,Der Rebbe Beim Puritz Pen Pal Book #8,Books,Judaica Books,,Chazak Kinder,Chazak Kinder,9781680920154,9781680920154,,,,,,,,,,,,,,,,,,,,,,,,,,,,,,,,,,,,,,,,,
https://www.chazakkinder.com/cdn/shop/files/388_400x.png?v=1733953914,388,Colors Pen Pal Book,Colors Pen Pal Book,Colors Pen Pal Book,Colors Pen Pal Book,Books,Judaica Books,,Chazak Kinder,Chazak Kinder,9781680917963,9781680917963,,,,,,,,,,,,,,,,,,,,,,,,,,,,,,,,,,,,,,,,,
https://www.chazakkinder.com/cdn/shop/files/390_400x.png?v=1765898583,390,Numbers Pen Pal Book,Numbers Pen Pal Book,Numbers Pen Pal Book,Numbers Pen Pal Book,Books,Activity Books,,Chazak Kinder,Chazak Kinder,9781680918069,9781680918069,,,,,,,,,,,,,,,,,,,,,,,,,,,,,,,,,,,,,,,,,
https://www.chazakkinder.com/cdn/shop/files/391_400x.png?v=1733954387,391,A Yeshia fin Eibershtin Pen Pal Book,A Yeshia fin Eibershtin Pen Pal Book,A Yeshia fin Eibershtin Pen Pal Book,A Yeshia fin Eibershtin Pen Pal Book,Books,Judaica Books,,Chazak Kinder,Chazak Kinder,9781680918106,9781680918106,,,,,,,,,,,,,,,,,,,,,,,,,,,,,,,,,,,,,,,,,
https://www.chazakkinder.com/cdn/shop/files/392_400x.png?v=1733954387,392,DI Zekle klein gelt Pen Pal Book,DI Zekle klein gelt Pen Pal Book,DI Zekle klein gelt Pen Pal Book,DI Zekle klein gelt Pen Pal Book,Books,Judaica Books,,Chazak Kinder,Chazak Kinder,9781680917925,9781680917925,,,,,,,,,,,,,,,,,,,,,,,,,,,,,,,,,,,,,,,,,
https://www.chazakkinder.com/cdn/shop/files/393_400x.png?v=1733954387,393,Der Kenigs Feigle Pen Pal Book,Der Kenigs Feigle Pen Pal Book,Der Kenigs Feigle Pen Pal Book,Der Kenigs Feigle Pen Pal Book,Books,Judaica Books,,Chazak Kinder,Chazak Kinder,9781680918021,9781680918021,,,,,,,,,,,,,,,,,,,,,,,,,,,,,,,,,,,,,,,,,
https://www.chazakkinder.com/cdn/shop/files/394_400x.png?v=1733954387,394,Der Rebbe Macht nisht kan Tuis Pen Pal Book,Der Rebbe Macht nisht kan Tuis Pen Pal Book,Der Rebbe Macht nisht kan Tuis Pen Pal Book,Der Rebbe Macht nisht kan Tuis Pen Pal Book,Books,Judaica Books,,Chazak Kinder,Chazak Kinder,9781680917734,9781680917734,,,,,,,,,,,,,,,,,,,,,,,,,,,,,,,,,,,,,,,,,
https://www.chazakkinder.com/cdn/shop/files/395_400x.png?v=1765898583,395,Pen Pal Books Brochos,Pen Pal Books Brochos,Pen Pal Books Brochos,Pen Pal Books Brochos,Books,Activity Books,,Chazak Kinder,Chazak Kinder,9781680918502,9781680918502,,,,,,,,,,,,,,,,,,,,,,,,,,,,,,,,,,,,,,,,,
https://www.chazakkinder.com/cdn/shop/files/396_a8961abf-7bc7-4df0-8c4a-3a448cfff3f5_400x.png?v=1734017712,396,Pen Pal Activity Book Level 1,Pen Pal Activity Book Level 1,Pen Pal Activity Book Level 1,Pen Pal Activity Book Level 1,Books,Activity Books,,Chazak Kinder,Chazak Kinder,9781680917895,9781680917895,,,,,,,,,,,,,,,,,,,,,,,,,,,,,,,,,,,,,,,,,
https://www.chazakkinder.com/cdn/shop/files/397_400x.png?v=1765898583,397,Pen Pal Shabbos Book,Pen Pal Shabbos Book,Pen Pal Shabbos Book,Pen Pal Shabbos Book,Books,Activity Books,,Chazak Kinder,Chazak Kinder,9781680918601,9781680918601,,,,,,,,,,,,,,,,,,,,,,,,,,,,,,,,,,,,,,,,,
https://www.chazakkinder.com/cdn/shop/files/398_6b70188f-0384-4881-aa26-9f5f8f86aca5_400x.png?v=1734548299,398,Pen Pal Mein Ershte Activity Book,Pen Pal Mein Ershte Activity Book,Pen Pal Mein Ershte Activity Book,Pen Pal Mein Ershte Activity Book,Books,Activity Books,,Chazak Kinder,Chazak Kinder,9781680918403,9781680918403,,,,,,,,,,,,,,,,,,,,,,,,,,,,,,,,,,,,,,,,,
https://www.chazakkinder.com/cdn/shop/files/399_400x.png?v=1765898583,399,Aleph Bais Pen Pal Book (Board Book),Aleph Bais Pen Pal Book (Board Book),Aleph Bais Pen Pal Book (Board Book),Aleph Bais Pen Pal Book (Board Book),Books,Judaica Books,,Chazak Kinder,Chazak Kinder,9781680917628,9781680917628,,,,,,,,,,,,,,,,,,,,,,,,,,,,,,,,,,,,,,,,,
https://www.chazakkinder.com/cdn/shop/files/729_400x.jpg?v=1694092355,729,A Gite Nacht Singing Book,A Gite Nacht Singing Book,A Gite Nacht Singing Book,A Gite Nacht Singing Book,Books,Judaica Books,,Chazak Kinder,Chazak Kinder,696168620121,696168620121,,,,,,,,,,,,,,,,,,,,,,,,,,,,,,,,,,,,,,,,,
https://www.chazakkinder.com/cdn/shop/files/737_400x.jpg?v=1694033396,737,A Gut Yom Tov Singing Book,A Gut Yom Tov Singing Book,A Gut Yom Tov Singing Book,A Gut Yom Tov Singing Book,Books,Judaica Books,,Chazak Kinder,Chazak Kinder,731716157626,731716157626,,,,,,,,,,,,,,,,,,,,,,,,,,,,,,,,,,,,,,,,,
https://www.chazakkinder.com/cdn/shop/files/738_400x.jpg?v=1706194795,730,Good Shabbos Singing Book,Good Shabbos Singing Book,Good Shabbos Singing Book,Good Shabbos Singing Book,Books,Judaica Books,,Chazak Kinder,Chazak Kinder,731716157558,731716157558,,,,,,,,,,,,,,,,,,,,,,,,,,,,,,,,,,,,,,,,,
https://www.chazakkinder.com/cdn/shop/files/738_400x.jpg?v=1706194795,738,Good Shabbos Singing Book (English),Good Shabbos Singing Book (English),Good Shabbos Singing Book (English),Good Shabbos Singing Book (English),Books,Judaica Books,,Chazak Kinder,Chazak Kinder,696168620015,696168620015,,,,,,,,,,,,,,,,,,,,,,,,,,,,,,,,,,,,,,,,,
https://www.chazakkinder.com/cdn/shop/files/8238_400x.jpg?v=1684422034,8238,Der Moach Krig,Der Moach Krig,Der Moach Krig,Der Moach Krig,Books,Judaica Books,,Chazak Kinder,Chazak Kinder,9781680916379,9781680916379,,,,,,,,,,,,,,,,,,,,,,,,,,,,,,,,,,,,,,,,,
https://www.chazakkinder.com/cdn/shop/files/8458_400x.png?v=1738702305,8458,Aleph Bais World Book and Cd,Aleph Bais World Book and Cd,Aleph Bais World Book and Cd,Aleph Bais World Book and Cd,Books,Judaica Books,,Chazak Kinder,Chazak Kinder,9798885860994,9798885860994,,,,,,,,,,,,,,,,,,,,,,,,,,,,,,,,,,,,,,,,,
https://www.chazakkinder.com/cdn/shop/files/8541_400x.png?v=1725562661,8541,Der Geyeg,Der Geyeg,Der Geyeg,Der Geyeg,Books,Judaica Books,,Chazak Kinder,Chazak Kinder,9781680919110,9781680919110,,,,,,,,,,,,,,,,,,,,,,,,,,,,,,,,,,,,,,,,,
https://www.chazakkinder.com/cdn/shop/files/8546_400x.png?v=1725562553,8546,Der Yiddisher Natzi vol. 3,Der Yiddisher Natzi vol. 3,Der Yiddisher Natzi vol. 3,Der Yiddisher Natzi vol. 3,Books,Judaica Books,,Chazak Kinder,Chazak Kinder,9781680918762,9781680918762,,,,,,,,,,,,,,,,,,,,,,,,,,,,,,,,,,,,,,,,,
https://www.chazakkinder.com/cdn/shop/files/8547_400x.png?v=1725563191,8547,Antlofen fun Iran vol. 3,Antlofen fun Iran vol. 3,Antlofen fun Iran vol. 3,Antlofen fun Iran vol. 3,Books,Judaica Books,,Chazak Kinder,Chazak Kinder,9781680918731,9781680918731,,,,,,,,,,,,,,,,,,,,,,,,,,,,,,,,,,,,,,,,,
https://www.chazakkinder.com/cdn/shop/files/8548_400x.png?v=1725563964,8548,In Di Richtige Minute,In Di Richtige Minute,In Di Richtige Minute,In Di Richtige Minute,Books,Judaica Books,,Chazak Kinder,Chazak Kinder,9781680918878,9781680918878,,,,,,,,,,,,,,,,,,,,,,,,,,,,,,,,,,,,,,,,,
https://www.chazakkinder.com/cdn/shop/files/8549_400x.png?v=1725563650,8549,Der Fashvunderner Riter,Der Fashvunderner Riter,Der Fashvunderner Riter,Der Fashvunderner Riter,Books,Judaica Books,,Chazak Kinder,Chazak Kinder,9781680918793,9781680918793,,,,,,,,,,,,,,,,,,,,,,,,,,,,,,,,,,,,,,,,,
https://www.chazakkinder.com/cdn/shop/files/8550_400x.png?v=1725563915,8550,Hershele - Yidele,Hershele - Yidele,Hershele - Yidele,Hershele - Yidele,Books,Judaica Books,,Chazak Kinder,Chazak Kinder,9781680919097,9781680919097,,,,,,,,,,,,,,,,,,,,,,,,,,,,,,,,,,,,,,,,,
https://www.chazakkinder.com/cdn/shop/files/8551_400x.png?v=1725563698,8551,Zuch Mir,Zuch Mir,Zuch Mir,Zuch Mir,Books,Judaica Books,,Chazak Kinder,Chazak Kinder,9781680918984,9781680918984,,,,,,,,,,,,,,,,,,,,,,,,,,,,,,,,,,,,,,,,,
https://www.chazakkinder.com/cdn/shop/files/8552_400x.png?v=1725562981,8552,Titanic vol. 1,Titanic vol. 1,Titanic vol. 1,Titanic vol. 1,Books,Judaica Books,,Chazak Kinder,Chazak Kinder,9781680918960,9781680918960,,,,,,,,,,,,,,,,,,,,,,,,,,,,,,,,,,,,,,,,,
https://www.chazakkinder.com/cdn/shop/files/8553_400x.png?v=1725562974,8553,Titanic vol. 2,Titanic vol. 2,Titanic vol. 2,Titanic vol. 2,Books,Judaica Books,,Chazak Kinder,Chazak Kinder,9781680918786,9781680918786,,,,,,,,,,,,,,,,,,,,,,,,,,,,,,,,,,,,,,,,,
https://www.chazakkinder.com/cdn/shop/files/8554_400x.png?v=1725563773,8554,De Gevagta Actzia Vol. 1,De Gevagta Actzia Vol. 1,De Gevagta Actzia Vol. 1,De Gevagta Actzia Vol. 1,Books,Judaica Books,,Chazak Kinder,Chazak Kinder,9781680919004,9781680919004,,,,,,,,,,,,,,,,,,,,,,,,,,,,,,,,,,,,,,,,,
https://www.chazakkinder.com/cdn/shop/files/8555_400x.png?v=1725563742,8555,De Gevagta Actzia Vol. 2,De Gevagta Actzia Vol. 2,De Gevagta Actzia Vol. 2,De Gevagta Actzia Vol. 2,Books,Judaica Books,,Chazak Kinder,Chazak Kinder,9781680918908,9781680918908,,,,,,,,,,,,,,,,,,,,,,,,,,,,,,,,,,,,,,,,,
https://www.chazakkinder.com/cdn/shop/files/8556_400x.png?v=1725562103,8556,A Gefarfuler Anshtel,A Gefarfuler Anshtel,A Gefarfuler Anshtel,A Gefarfuler Anshtel,Books,Judaica Books,,Chazak Kinder,Chazak Kinder,9781680919059,9781680919059,,,,,,,,,,,,,,,,,,,,,,,,,,,,,,,,,,,,,,,,,
https://www.chazakkinder.com/cdn/shop/files/8557_400x.png?v=1725562342,8557,Misterye In Mexico,Misterye In Mexico,Misterye In Mexico,Misterye In Mexico,Books,Judaica Books,,Chazak Kinder,Chazak Kinder,9781680918663,9781680918663,,,,,,,,,,,,,,,,,,,,,,,,,,,,,,,,,,,,,,,,,
https://www.chazakkinder.com/cdn/shop/files/8558_400x.png?v=1725561961,8558,Antrinen,Antrinen,Antrinen,Antrinen,Books,Judaica Books,,Chazak Kinder,Chazak Kinder,9781680919080,9781680919080,,,,,,,,,,,,,,,,,,,,,,,,,,,,,,,,,,,,,,,,,
https://www.chazakkinder.com/cdn/shop/files/8560_400x.png?v=1725562166,8560,Beserer Tate,Beserer Tate,Beserer Tate,Beserer Tate,Books,Judaica Books,,Chazak Kinder,Chazak Kinder,9781680919073,9781680919073,,,,,,,,,,,,,,,,,,,,,,,,,,,,,,,,,,,,,,,,,
https://www.chazakkinder.com/cdn/shop/files/8563_400x.png?v=1725562025,8563,Bedtime stories #3 Yiddish,Bedtime stories #3 Yiddish,Bedtime stories #3 Yiddish,Bedtime stories #3 Yiddish,Books,Judaica Books,,Chazak Kinder,Chazak Kinder,9781680919318,9781680919318,,,,,,,,,,,,,,,,,,,,,,,,,,,,,,,,,,,,,,,,,
https://www.chazakkinder.com/cdn/shop/files/8564_400x.png?v=1725562377,8564,Flien Tzim Tzion vol. 3,Flien Tzim Tzion vol. 3,Flien Tzim Tzion vol. 3,Flien Tzim Tzion vol. 3,Books,Judaica Books,,Chazak Kinder,Chazak Kinder,9781680918779,9781680918779,,,,,,,,,,,,,,,,,,,,,,,,,,,,,,,,,,,,,,,,,
https://www.chazakkinder.com/cdn/shop/files/8565_400x.png?v=1725562233,8565,Flien Tzim Tzion #4,Flien Tzim Tzion #4,Flien Tzim Tzion #4,Flien Tzim Tzion #4,Books,Judaica Books,,Chazak Kinder,Chazak Kinder,9781680919127,9781680919127,,,,,,,,,,,,,,,,,,,,,,,,,,,,,,,,,,,,,,,,,
https://www.chazakkinder.com/cdn/shop/files/8568_400x.png?v=1725564343,8568,Eli copter Japan Vol. 2 EN,Eli copter Japan Vol. 2 EN,Eli copter Japan Vol. 2 EN,Eli copter Japan Vol. 2 EN,Books,Judaica Books,,Chazak Kinder,Chazak Kinder,9781680917826,9781680917826,,,,,,,,,,,,,,,,,,,,,,,,,,,,,,,,,,,,,,,,,
https://www.chazakkinder.com/cdn/shop/files/8568_400x.png?v=1725564343,8428,Eli Kopter Japan #2,Eli Kopter Japan #2,Eli Kopter Japan #2,Eli Kopter Japan #2,Books,Judaica Books,,Chazak Kinder,Chazak Kinder,9781680917345,9781680917345,,,,,,,,,,,,,,,,,,,,,,,,,,,,,,,,,,,,,,,,,
https://www.chazakkinder.com/cdn/shop/files/8570_400x.png?v=1725561839,8570,Der Zilbernem Slisel,Der Zilbernem Slisel,Der Zilbernem Slisel,Der Zilbernem Slisel,Books,Judaica Books,,Chazak Kinder,Chazak Kinder,9781680919400,9781680919400,,,,,,,,,,,,,,,,,,,,,,,,,,,,,,,,,,,,,,,,,
https://www.chazakkinder.com/cdn/shop/files/8575_400x.png?v=1725563241,8575,BildShpiel,BildShpiel,BildShpiel,BildShpiel,Books,Judaica Books,,Chazak Kinder,Chazak Kinder,9781680919141,9781680919141,,,,,,,,,,,,,,,,,,,,,,,,,,,,,,,,,,,,,,,,,
https://www.chazakkinder.com/cdn/shop/files/8577_400x.png?v=1725563325,8577,Yitzy Pitzy vol. 3 Yiddish,Yitzy Pitzy vol. 3 Yiddish,Yitzy Pitzy vol. 3 Yiddish,Yitzy Pitzy vol. 3 Yiddish,Books,Judaica Books,,Chazak Kinder,Chazak Kinder,9781680919349,9781680919349,,,,,,,,,,,,,,,,,,,,,,,,,,,,,,,,,,,,,,,,,
https://www.chazakkinder.com/cdn/shop/files/Capture_1d49e6bb-2ec6-4df3-8719-a6fa225a42fc_400x.png?v=1765898613,389,Esenvarg Pen Pal Book,Esenvarg Pen Pal Book,Esenvarg Pen Pal Book,Esenvarg Pen Pal Book,Books,Judaica Books,,Chazak Kinder,Chazak Kinder,9781680917710,9781680917710,,,,,,,,,,,,,,,,,,,,,,,,,,,,,,,,,,,,,,,,,
https://www.chazakkinder.com/cdn/shop/files/copy_400x.png?v=1765898583,379,Ages Pen Pal Book,Ages Pen Pal Book,Ages Pen Pal Book,Ages Pen Pal Book,Books,Judaica Books,,Chazak Kinder,Chazak Kinder,9781680918052,9781680918052,,,,,,,,,,,,,,,,,,,,,,,,,,,,,,,,,,,,,,,,,
https://www.chazakkinder.com/cdn/shop/files/copy_bae5c206-59cc-4f17-8e9f-85cc5cdb40fa_400x.png?v=1765898583,378,Shapes Pen Pal Book,Shapes Pen Pal Book,Shapes Pen Pal Book,Shapes Pen Pal Book,Books,Judaica Books,,Chazak Kinder,Chazak Kinder,9781680917864,9781680917864,,,,,,,,,,,,,,,,,,,,,,,,,,,,,,,,,,,,,,,,,
https://www.chazakkinder.com/cdn/shop/files/d9d564f610e3b1046d848223e523e4e2_400x.png?v=1711551723,8493,Fin Teiman Kein Amerika,Fin Teiman Kein Amerika,Fin Teiman Kein Amerika,Fin Teiman Kein Amerika,Books,Judaica Books,,Chazak Kinder,Chazak Kinder,9781680918380,9781680918380,,,,,,,,,,,,,,,,,,,,,,,,,,,,,,,,,,,,,,,,,
https://www.chazakkinder.com/cdn/shop/files/H80_400x.jpg?v=1693497235,H80,Hershy Learnt Yomim Tovim #80 Rosh Hashana,Hershy Learnt Yomim Tovim #80 Rosh Hashana,Hershy Learnt Yomim Tovim #80 Rosh Hashana,Hershy Learnt Yomim Tovim #80 Rosh Hashana,Books,Comics Books,,Chazak Kinder,Chazak Kinder,978965782289,978965782289,,,,,,,,,,,,,,,,,,,,,,,,,,,,,,,,,,,,,,,,,
https://www.chazakkinder.com/cdn/shop/products/1_400x.jpg?v=1644867668,H01-53747,Hershy Acht Geben #1 Red Light,Hershy Acht Geben #1 Red Light,Hershy Acht Geben #1 Red Light,Hershy Acht Geben #1 Red Light,Books,Comics Books,,Chazak Kinder,Chazak Kinder,9781680912715,9781680912715,,,,,,,,,,,,,,,,,,,,,,,,,,,,,,,,,,,,,,,,,
https://www.chazakkinder.com/cdn/shop/products/12_400x.jpg?v=1644867663,H12-53757,Hershy Acht Geben #12: Arbet Keilim (Tools),Hershy Acht Geben #12: Arbet Keilim (Tools),Hershy Acht Geben #12: Arbet Keilim (Tools),Hershy Acht Geben #12: Arbet Keilim (Tools),Books,Comics Books,,Chazak Kinder,Chazak Kinder,9781680910773,9781680910773,,,,,,,,,,,,,,,,,,,,,,,,,,,,,,,,,,,,,,,,,
https://www.chazakkinder.com/cdn/shop/products/13_400x.jpg?v=1644879335,H13-53735,Hershy Shtarken #13: Nisht Zugen Ligent (Not Telling Lie),Hershy Shtarken #13: Nisht Zugen Ligent (Not Telling Lie),Hershy Shtarken #13: Nisht Zugen Ligent (Not Telling Lie),Hershy Shtarken #13: Nisht Zugen Ligent (Not Telling Lie),Books,Comics Books,,Chazak Kinder,Chazak Kinder,9781680911824,9781680911824,,,,,,,,,,,,,,,,,,,,,,,,,,,,,,,,,,,,,,,,,
https://www.chazakkinder.com/cdn/shop/products/14_400x.jpg?v=1644867664,H14-53744,Hershy Acht Geben #14: Nisht Gein Un Reshus (Asking Permission),Hershy Acht Geben #14: Nisht Gein Un Reshus (Asking Permission),Hershy Acht Geben #14: Nisht Gein Un Reshus (Asking Permission),Hershy Acht Geben #14: Nisht Gein Un Reshus (Asking Permission),Books,Comics Books,,Chazak Kinder,Chazak Kinder,9781680912746,9781680912746,,,,,,,,,,,,,,,,,,,,,,,,,,,,,,,,,,,,,,,,,
https://www.chazakkinder.com/cdn/shop/products/15_400x.jpg?v=1644867665,H15-5122,Hershy Acht Geben #15: Faklen (Torches),Hershy Acht Geben #15: Faklen (Torches),Hershy Acht Geben #15: Faklen (Torches),Hershy Acht Geben #15: Faklen (Torches),Books,Comics Books,,Chazak Kinder,Chazak Kinder,9781680912753,9781680912753,,,,,,,,,,,,,,,,,,,,,,,,,,,,,,,,,,,,,,,,,
https://www.chazakkinder.com/cdn/shop/products/16_400x.jpg?v=1644867671,H16-53758,Hershy Acht Geben #16: Nisht Gezint Esenvarg (Healthy Food),Hershy Acht Geben #16: Nisht Gezint Esenvarg (Healthy Food),Hershy Acht Geben #16: Nisht Gezint Esenvarg (Healthy Food),Hershy Acht Geben #16: Nisht Gezint Esenvarg (Healthy Food),Books,Comics Books,,Chazak Kinder,Chazak Kinder,9781680912326,9781680912326,,,,,,,,,,,,,,,,,,,,,,,,,,,,,,,,,,,,,,,,,
https://www.chazakkinder.com/cdn/shop/products/17_400x.jpg?v=1644867667,H17-5120,Hershy Acht Geben #17: A Fire,Hershy Acht Geben #17: A Fire,Hershy Acht Geben #17: A Fire,Hershy Acht Geben #17: A Fire,Books,Comics Books,,Chazak Kinder,Chazak Kinder,9781680912760,9781680912760,,,,,,,,,,,,,,,,,,,,,,,,,,,,,,,,,,,,,,,,,
https://www.chazakkinder.com/cdn/shop/products/18_b39d5ce8-b3eb-4eb6-a2c3-c4e7d51a989b_400x.jpg?v=1644867666,H18-53749,Hershy Acht Geben #18: Heise Vaser (Hot Water),Hershy Acht Geben #18: Heise Vaser (Hot Water),Hershy Acht Geben #18: Heise Vaser (Hot Water),Hershy Acht Geben #18: Heise Vaser (Hot Water),Books,Comics Books,,Chazak Kinder,Chazak Kinder,9781937637637,9781937637637,,,,,,,,,,,,,,,,,,,,,,,,,,,,,,,,,,,,,,,,,
https://www.chazakkinder.com/cdn/shop/products/19_400x.jpg?v=1644867670,H19-53743,Hershy Acht Geben #19: Nisht Krichen Oif a Leiter (Ladders),Hershy Acht Geben #19: Nisht Krichen Oif a Leiter (Ladders),Hershy Acht Geben #19: Nisht Krichen Oif a Leiter (Ladders),Hershy Acht Geben #19: Nisht Krichen Oif a Leiter (Ladders),Books,Comics Books,,Chazak Kinder,Chazak Kinder,6024016966864,6024016966864,,,,,,,,,,,,,,,,,,,,,,,,,,,,,,,,,,,,,,,,,
https://www.chazakkinder.com/cdn/shop/products/2_400x.jpg?v=1644867665,H02-53748,Hershy Acht Geben #2: Animals,Hershy Acht Geben #2: Animals,Hershy Acht Geben #2: Animals,Hershy Acht Geben #2: Animals,Books,Comics Books,,Chazak Kinder,Chazak Kinder,9781680911237,9781680911237,,,,,,,,,,,,,,,,,,,,,,,,,,,,,,,,,,,,,,,,,
https://www.chazakkinder.com/cdn/shop/products/23_23a66fa6-98d3-4d9b-a2dc-599c39fddd7a_400x.jpg?v=1644867667,H23-53746,Hershy Acht Geben #23: Pitzen Di Tzein (Brushing Teeth),Hershy Acht Geben #23: Pitzen Di Tzein (Brushing Teeth),Hershy Acht Geben #23: Pitzen Di Tzein (Brushing Teeth),Hershy Acht Geben #23: Pitzen Di Tzein (Brushing Teeth),Books,Comics Books,,Chazak Kinder,Chazak Kinder,6024016966796,6024016966796,,,,,,,,,,,,,,,,,,,,,,,,,,,,,,,,,,,,,,,,,
https://www.chazakkinder.com/cdn/shop/products/26_400x.jpg?v=1644879336,H26-53723,Hershy Shtarken #26: Nisht Oifveken Totty and Mommy (Waking Parents),Hershy Shtarken #26: Nisht Oifveken Totty and Mommy (Waking Parents),Hershy Shtarken #26: Nisht Oifveken Totty and Mommy (Waking Parents),Hershy Shtarken #26: Nisht Oifveken Totty and Mommy (Waking Parents),Books,Comics Books,,Chazak Kinder,Chazak Kinder,9781680910780,9781680910780,,,,,,,,,,,,,,,,,,,,,,,,,,,,,,,,,,,,,,,,,
https://www.chazakkinder.com/cdn/shop/products/27_400x.jpg?v=1644879337,H27-53754,Hershy Shtarken #27: Zich Iberbeiten (Forgiveness),Hershy Shtarken #27: Zich Iberbeiten (Forgiveness),Hershy Shtarken #27: Zich Iberbeiten (Forgiveness),Hershy Shtarken #27: Zich Iberbeiten (Forgiveness),Books,Comics Books,,Chazak Kinder,Chazak Kinder,9781680912722,9781680912722,,,,,,,,,,,,,,,,,,,,,,,,,,,,,,,,,,,,,,,,,
https://www.chazakkinder.com/cdn/shop/products/28_5ab19dbc-993a-4022-9042-48700c3da996_400x.jpg?v=1644879335,H28-53762,Hershy Shtarken #28: Nisht Sheimen Tzi Beten Helf (Asking for Help),Hershy Shtarken #28: Nisht Sheimen Tzi Beten Helf (Asking for Help),Hershy Shtarken #28: Nisht Sheimen Tzi Beten Helf (Asking for Help),Hershy Shtarken #28: Nisht Sheimen Tzi Beten Helf (Asking for Help),Books,Comics Books,,Chazak Kinder,Chazak Kinder,9781680911787,9781680911787,,,,,,,,,,,,,,,,,,,,,,,,,,,,,,,,,,,,,,,,,
https://www.chazakkinder.com/cdn/shop/products/3_400x.jpg?v=1644867671,H03-53752,Hershy Acht Geben #3: Matches,Hershy Acht Geben #3: Matches,Hershy Acht Geben #3: Matches,Hershy Acht Geben #3: Matches,Books,Comics Books,,Chazak Kinder,Chazak Kinder,6024016964716,6024016964716,,,,,,,,,,,,,,,,,,,,,,,,,,,,,,,,,,,,,,,,,
https://www.chazakkinder.com/cdn/shop/products/30_870ff0e3-9745-42d5-97dc-46eab38b8142_400x.jpg?v=1644879336,H30-53724,Hershy Shtarken #30: Vart Tzvishen Milchig Fleishig (Milk and Meat),Hershy Shtarken #30: Vart Tzvishen Milchig Fleishig (Milk and Meat),Hershy Shtarken #30: Vart Tzvishen Milchig Fleishig (Milk and Meat),Hershy Shtarken #30: Vart Tzvishen Milchig Fleishig (Milk and Meat),Books,Comics Books,,Chazak Kinder,Chazak Kinder,9781680912272,9781680912272,,,,,,,,,,,,,,,,,,,,,,,,,,,,,,,,,,,,,,,,,
https://www.chazakkinder.com/cdn/shop/products/31_e45adb80-e5fb-4df6-88d2-13930e14a7db_400x.jpg?v=1644879337,H31-53733,Hershy Shtarken #31: Tzi Varten Mit Gedild (Patience),Hershy Shtarken #31: Tzi Varten Mit Gedild (Patience),Hershy Shtarken #31: Tzi Varten Mit Gedild (Patience),Hershy Shtarken #31: Tzi Varten Mit Gedild (Patience),Books,Comics Books,,Chazak Kinder,Chazak Kinder,9781937637743,9781937637743,,,,,,,,,,,,,,,,,,,,,,,,,,,,,,,,,,,,,,,,,
https://www.chazakkinder.com/cdn/shop/products/32-Copy_400x.jpg?v=1644879335,H32-53753,Hershy Shtarken #32: Mevater Zein (Sharing),Hershy Shtarken #32: Mevater Zein (Sharing),Hershy Shtarken #32: Mevater Zein (Sharing),Hershy Shtarken #32: Mevater Zein (Sharing),Books,Comics Books,,Chazak Kinder,Chazak Kinder,9781680910292,9781680910292,,,,,,,,,,,,,,,,,,,,,,,,,,,,,,,,,,,,,,,,,
https://www.chazakkinder.com/cdn/shop/products/33_12dc8d74-3cc3-44a6-9afd-823789441c0a_400x.jpg?v=1644879925,H33-53711,HERSHY #33 Honig,HERSHY #33 Honig,HERSHY #33 Honig,HERSHY #33 Honig,Books,Comics Books,,Chazak Kinder,Chazak Kinder,9781937637002,9781937637002,,,,,,,,,,,,,,,,,,,,,,,,,,,,,,,,,,,,,,,,,
https://www.chazakkinder.com/cdn/shop/products/34_72d63340-28d2-49b3-8d94-04649ccfc228_400x.jpg?v=1644879925,H34-53713,Hershy #34 Milk,Hershy #34 Milk,Hershy #34 Milk,Hershy #34 Milk,Books,Comics Books,,Chazak Kinder,Chazak Kinder,9781937637835,9781937637835,,,,,,,,,,,,,,,,,,,,,,,,,,,,,,,,,,,,,,,,,
https://www.chazakkinder.com/cdn/shop/products/35_3ece94a2-8e3c-484a-bbc9-956709a33edc_400x.jpg?v=1644879925,H35-53714,Hershy #35 Wine,Hershy #35 Wine,Hershy #35 Wine,Hershy #35 Wine,Books,Comics Books,,Chazak Kinder,Chazak Kinder,9781937637828,9781937637828,,,,,,,,,,,,,,,,,,,,,,,,,,,,,,,,,,,,,,,,,
https://www.chazakkinder.com/cdn/shop/products/36_8d93750f-f13a-4f64-8cf8-373030e2b34d_400x.jpg?v=1644879926,H36-53728,Hershy #36 Matzos,Hershy #36 Matzos,Hershy #36 Matzos,Hershy #36 Matzos,Books,Comics Books,,Chazak Kinder,Chazak Kinder,9781937637484,9781937637484,,,,,,,,,,,,,,,,,,,,,,,,,,,,,,,,,,,,,,,,,
https://www.chazakkinder.com/cdn/shop/products/37_0145b756-b2b1-4ba1-80c0-455e710e4f67_400x.jpg?v=1644879925,H37-53715,HERSHY #37 Sofer Stam,HERSHY #37 Sofer Stam,HERSHY #37 Sofer Stam,HERSHY #37 Sofer Stam,Books,Comics Books,,Chazak Kinder,Chazak Kinder,9781937637842,9781937637842,,,,,,,,,,,,,,,,,,,,,,,,,,,,,,,,,,,,,,,,,
https://www.chazakkinder.com/cdn/shop/products/38_07f3d6ff-13fe-44a3-b18d-c8076eba1242_400x.jpg?v=1644879925,H38-53710,Hershy #38 Maihl (Flour),Hershy #38 Maihl (Flour),Hershy #38 Maihl (Flour),Hershy #38 Maihl (Flour),Books,Comics Books,,Chazak Kinder,Chazak Kinder,9781937637019,9781937637019,,,,,,,,,,,,,,,,,,,,,,,,,,,,,,,,,,,,,,,,,
https://www.chazakkinder.com/cdn/shop/products/39_8c475eac-5f72-4eb4-b47e-3f4404061943_400x.jpg?v=1644879926,H39-53712,HERSHY #39 Oil,HERSHY #39 Oil,HERSHY #39 Oil,HERSHY #39 Oil,Books,Comics Books,,Chazak Kinder,Chazak Kinder,9781937637026,9781937637026,,,,,,,,,,,,,,,,,,,,,,,,,,,,,,,,,,,,,,,,,
https://www.chazakkinder.com/cdn/shop/products/4_400x.jpg?v=1644867669,H04-5118,Hershy Acht Geben #4: Oif Di Vegen,Hershy Acht Geben #4: Oif Di Vegen,Hershy Acht Geben #4: Oif Di Vegen,Hershy Acht Geben #4: Oif Di Vegen,Books,Comics Books,,Chazak Kinder,Chazak Kinder,9781680910803,9781680910803,,,,,,,,,,,,,,,,,,,,,,,,,,,,,,,,,,,,,,,,,
https://www.chazakkinder.com/cdn/shop/products/41_400x.jpg?v=1644880747,H41-53739,HERSHY #41 Gemilas Chasudim,HERSHY #41 Gemilas Chasudim,HERSHY #41 Gemilas Chasudim,HERSHY #41 Gemilas Chasudim,Books,Comics Books,,Chazak Kinder,Chazak Kinder,9781680910223,9781680910223,,,,,,,,,,,,,,,,,,,,,,,,,,,,,,,,,,,,,,,,,
https://www.chazakkinder.com/cdn/shop/products/45_400x.jpg?v=1644880748,H45-53734,Hershy #45 Mechabed Elteren,Hershy #45 Mechabed Elteren,Hershy #45 Mechabed Elteren,Hershy #45 Mechabed Elteren,Books,Comics Books,,Chazak Kinder,Chazak Kinder,9781937637866,9781937637866,,,,,,,,,,,,,,,,,,,,,,,,,,,,,,,,,,,,,,,,,
https://www.chazakkinder.com/cdn/shop/products/46_400x.jpg?v=1644880750,H46-53727,Hershy #46 Learn Torah,Hershy #46 Learn Torah,Hershy #46 Learn Torah,Hershy #46 Learn Torah,Books,Comics Books,,Chazak Kinder,Chazak Kinder,9781680912333,9781680912333,,,,,,,,,,,,,,,,,,,,,,,,,,,,,,,,,,,,,,,,,
https://www.chazakkinder.com/cdn/shop/products/47_400x.jpg?v=1644880750,H47-53740,Hershy #47 Entferen Amen,Hershy #47 Entferen Amen,Hershy #47 Entferen Amen,Hershy #47 Entferen Amen,Books,Comics Books,,Chazak Kinder,Chazak Kinder,9781680910209,9781680910209,,,,,,,,,,,,,,,,,,,,,,,,,,,,,,,,,,,,,,,,,
https://www.chazakkinder.com/cdn/shop/products/49_400x.jpg?v=1644880748,H49-53742,Hershy #49 Tzedukah,Hershy #49 Tzedukah,Hershy #49 Tzedukah,Hershy #49 Tzedukah,Books,Comics Books,,Chazak Kinder,Chazak Kinder,9781680910247,9781680910247,,,,,,,,,,,,,,,,,,,,,,,,,,,,,,,,,,,,,,,,,
https://www.chazakkinder.com/cdn/shop/products/5_400x.jpg?v=1644867671,H05-53772,Hershy Acht Geben #5: Oifen Bus,Hershy Acht Geben #5: Oifen Bus,Hershy Acht Geben #5: Oifen Bus,Hershy Acht Geben #5: Oifen Bus,Books,Comics Books,,Chazak Kinder,Chazak Kinder,9781680911220,9781680911220,,,,,,,,,,,,,,,,,,,,,,,,,,,,,,,,,,,,,,,,,
https://www.chazakkinder.com/cdn/shop/products/50_400x.jpg?v=1644880747,H50-53738,Hershy #50 Wash hands,Hershy #50 Wash hands,Hershy #50 Wash hands,Hershy #50 Wash hands,Books,Comics Books,,Chazak Kinder,Chazak Kinder,9781680910230,9781680910230,,,,,,,,,,,,,,,,,,,,,,,,,,,,,,,,,,,,,,,,,
https://www.chazakkinder.com/cdn/shop/products/51_400x.jpg?v=1644880749,H51-53736,Hershy #51 Tzar Balei Chaim,Hershy #51 Tzar Balei Chaim,Hershy #51 Tzar Balei Chaim,Hershy #51 Tzar Balei Chaim,Books,Comics Books,,Chazak Kinder,Chazak Kinder,9781680910261,9781680910261,,,,,,,,,,,,,,,,,,,,,,,,,,,,,,,,,,,,,,,,,
https://www.chazakkinder.com/cdn/shop/products/52_852b765f-58f3-42c2-9d8d-29170f472017_400x.jpg?v=1644870018,H52-53763,Hershy #52 Imzicherkeit,Hershy #52 Imzicherkeit,Hershy #52 Imzicherkeit,Hershy #52 Imzicherkeit,Books,Comics Books,,Chazak Kinder,Chazak Kinder,9781680910858,9781680910858,,,,,,,,,,,,,,,,,,,,,,,,,,,,,,,,,,,,,,,,,
https://www.chazakkinder.com/cdn/shop/products/53_decfd658-88c4-4bb8-a7db-94e333dae4ae_400x.jpg?v=1644870018,H53-53764,HERSHY #53 Kas,HERSHY #53 Kas,HERSHY #53 Kas,HERSHY #53 Kas,Books,Comics Books,,Chazak Kinder,Chazak Kinder,9781680911862,9781680911862,,,,,,,,,,,,,,,,,,,,,,,,,,,,,,,,,,,,,,,,,
https://www.chazakkinder.com/cdn/shop/products/54_b4c82d72-9c69-4736-bdc5-4b36c96f6360_400x.jpg?v=1644870018,H54-53765,HERSHY #54 Shrek,HERSHY #54 Shrek,HERSHY #54 Shrek,HERSHY #54 Shrek,Books,Comics Books,,Chazak Kinder,Chazak Kinder,9781680910865,9781680910865,,,,,,,,,,,,,,,,,,,,,,,,,,,,,,,,,,,,,,,,,
https://www.chazakkinder.com/cdn/shop/products/55_be420a8a-a8f8-4dac-9fea-b4ccff0a6805_400x.jpg?v=1644870018,H55-53766,Hershy #55 Farginen,Hershy #55 Farginen,Hershy #55 Farginen,Hershy #55 Farginen,Books,Comics Books,,Chazak Kinder,Chazak Kinder,9781680910872,9781680910872,,,,,,,,,,,,,,,,,,,,,,,,,,,,,,,,,,,,,,,,,
https://www.chazakkinder.com/cdn/shop/products/56_400x.jpg?v=1644878864,H56-53767,Hershy #56 Oifnemen Guest,Hershy #56 Oifnemen Guest,Hershy #56 Oifnemen Guest,Hershy #56 Oifnemen Guest,Books,Comics Books,,Chazak Kinder,Chazak Kinder,9781680911756,9781680911756,,,,,,,,,,,,,,,,,,,,,,,,,,,,,,,,,,,,,,,,,
https://www.chazakkinder.com/cdn/shop/products/57_400x.jpg?v=1644878863,H57-53768,Hershy #57 Zich Upvashen,Hershy #57 Zich Upvashen,Hershy #57 Zich Upvashen,Hershy #57 Zich Upvashen,Books,Comics Books,,Chazak Kinder,Chazak Kinder,9781680911763,9781680911763,,,,,,,,,,,,,,,,,,,,,,,,,,,,,,,,,,,,,,,,,
https://www.chazakkinder.com/cdn/shop/products/58_400x.jpg?v=1644878864,H58-53769,HERSHY #58 Zich Halten Rein,HERSHY #58 Zich Halten Rein,HERSHY #58 Zich Halten Rein,HERSHY #58 Zich Halten Rein,Books,Comics Books,,Chazak Kinder,Chazak Kinder,9781680911770,9781680911770,,,,,,,,,,,,,,,,,,,,,,,,,,,,,,,,,,,,,,,,,
https://www.chazakkinder.com/cdn/shop/products/6_400x.jpg?v=1644867664,H07-53755,Hershy Acht Geben #6: Nish Gein Mit Fremde (Strangers),Hershy Acht Geben #6: Nish Gein Mit Fremde (Strangers),Hershy Acht Geben #6: Nish Gein Mit Fremde (Strangers),Hershy Acht Geben #6: Nish Gein Mit Fremde (Strangers),Books,Comics Books,,Chazak Kinder,Chazak Kinder,9781680910797,9781680910797,,,,,,,,,,,,,,,,,,,,,,,,,,,,,,,,,,,,,,,,,
https://www.chazakkinder.com/cdn/shop/products/60_35afa4f5-ebbe-4a92-8c2d-599fe5bed0f7_400x.jpg?v=1644878863,H60-53771,HERSHY #60 Avekleigen Oifen Platz,HERSHY #60 Avekleigen Oifen Platz,HERSHY #60 Avekleigen Oifen Platz,HERSHY #60 Avekleigen Oifen Platz,Books,Comics Books,,Chazak Kinder,Chazak Kinder,9781680911794,9781680911794,,,,,,,,,,,,,,,,,,,,,,,,,,,,,,,,,,,,,,,,,
https://www.chazakkinder.com/cdn/shop/products/61_400x.jpg?v=1644870018,H61-53791,HERSHY #61 Antoushung,HERSHY #61 Antoushung,HERSHY #61 Antoushung,HERSHY #61 Antoushung,Books,Comics Books,,Chazak Kinder,Chazak Kinder,9781680912838,9781680912838,,,,,,,,,,,,,,,,,,,,,,,,,,,,,,,,,,,,,,,,,
https://www.chazakkinder.com/cdn/shop/products/62_400x.jpg?v=1644870018,H62-53792,HERSHY #62 Benkshaft,HERSHY #62 Benkshaft,HERSHY #62 Benkshaft,HERSHY #62 Benkshaft,Books,Comics Books,,Chazak Kinder,Chazak Kinder,9781680912791,9781680912791,,,,,,,,,,,,,,,,,,,,,,,,,,,,,,,,,,,,,,,,,
https://www.chazakkinder.com/cdn/shop/products/63_400x.jpg?v=1644870018,H63-53793,HERSHY #63 A Dorechfal,HERSHY #63 A Dorechfal,HERSHY #63 A Dorechfal,HERSHY #63 A Dorechfal,Books,Comics Books,,Chazak Kinder,Chazak Kinder,9781680912807,9781680912807,,,,,,,,,,,,,,,,,,,,,,,,,,,,,,,,,,,,,,,,,
https://www.chazakkinder.com/cdn/shop/products/64_400x.jpg?v=1644881168,H64-53794,Hershy #64 Torah Inzer Laben,Hershy #64 Torah Inzer Laben,Hershy #64 Torah Inzer Laben,Hershy #64 Torah Inzer Laben,Books,Comics Books,,Chazak Kinder,Chazak Kinder,9781680912814,9781680912814,,,,,,,,,,,,,,,,,,,,,,,,,,,,,,,,,,,,,,,,,
https://www.chazakkinder.com/cdn/shop/products/66_400x.jpg?v=1644881446,H66,Hershy #66 Bargrigen Wool,Hershy #66 Bargrigen Wool,Hershy #66 Bargrigen Wool,Hershy #66 Bargrigen Wool,Books,Comics Books,,Chazak Kinder,Chazak Kinder,6369469837898,6369469837898,,,,,,,,,,,,,,,,,,,,,,,,,,,,,,,,,,,,,,,,,
https://www.chazakkinder.com/cdn/shop/products/69_400x.jpg?v=1644881769,H69,HERSHY #69 Accepting Different People,HERSHY #69 Accepting Different People,HERSHY #69 Accepting Different People,HERSHY #69 Accepting Different People,Books,Comics Books,,Chazak Kinder,Chazak Kinder,6369469838338,6369469838338,,,,,,,,,,,,,,,,,,,,,,,,,,,,,,,,,,,,,,,,,
https://www.chazakkinder.com/cdn/shop/products/7_400x.jpg?v=1644867668,H06-53751,Hershy Acht Geben #7: Reinigen Material (Detergent),Hershy Acht Geben #7: Reinigen Material (Detergent),Hershy Acht Geben #7: Reinigen Material (Detergent),Hershy Acht Geben #7: Reinigen Material (Detergent),Books,Comics Books,,Chazak Kinder,Chazak Kinder,6024016966314,6024016966314,,,,,,,,,,,,,,,,,,,,,,,,,,,,,,,,,,,,,,,,,
https://www.chazakkinder.com/cdn/shop/products/70_400x.jpg?v=1644881769,H70,HERSHY #70 Middos-Dan Lchaf Zchus,HERSHY #70 Middos-Dan Lchaf Zchus,HERSHY #70 Middos-Dan Lchaf Zchus,HERSHY #70 Middos-Dan Lchaf Zchus,Books,Comics Books,,Chazak Kinder,Chazak Kinder,6369469838406,6369469838406,,,,,,,,,,,,,,,,,,,,,,,,,,,,,,,,,,,,,,,,,
https://www.chazakkinder.com/cdn/shop/products/75_400x.jpg?v=1644881902,H75,Hershy #75 Bagrifen Vasser,Hershy #75 Bagrifen Vasser,Hershy #75 Bagrifen Vasser,Hershy #75 Bagrifen Vasser,Books,Comics Books,,Chazak Kinder,Chazak Kinder,6049479043624,6049479043624,,,,,,,,,,,,,,,,,,,,,,,,,,,,,,,,,,,,,,,,,
https://www.chazakkinder.com/cdn/shop/products/77_400x.jpg?v=1644884802,H77,Hershy #77 Neigerigkeit,Hershy #77 Neigerigkeit,Hershy #77 Neigerigkeit,Hershy #77 Neigerigkeit,Books,Comics Books,,Chazak Kinder,Chazak Kinder,9781950793945,9781950793945,,,,,,,,,,,,,,,,,,,,,,,,,,,,,,,,,,,,,,,,,
https://www.chazakkinder.com/cdn/shop/products/9_400x.jpg?v=1644867663,H09-53750,Hershy Acht Geben #9: Lekter (Electricity),Hershy Acht Geben #9: Lekter (Electricity),Hershy Acht Geben #9: Lekter (Electricity),Hershy Acht Geben #9: Lekter (Electricity),Books,Comics Books,,Chazak Kinder,Chazak Kinder,9781680914528,9781680914528,,,,,,,,,,,,,,,,,,,,,,,,,,,,,,,,,,,,,,,,,
https://www.chazakkinder.com/cdn/shop/products/ks5856-1-lightbox_400x.jpg?v=1626717427,5841,Mitgelebt Chanukah,Mitgelebt Chanukah,Mitgelebt Chanukah,Mitgelebt Chanukah,Books,Judaica Books,,Chazak Kinder,Chazak Kinder,9781680912203,9781680912203,,,,,,,,,,,,,,,,,,,,,,,,,,,,,,,,,,,,,,,,,
https://www.chazakkinder.com/cdn/shop/products/ks5856-1-lightbox_400x.jpg?v=1626717427,5987,Mitgelebt Purim,Mitgelebt Purim,Mitgelebt Purim,Mitgelebt Purim,Books,Judaica Books,,Chazak Kinder,Chazak Kinder,9781680911541,9781680911541,,,,,,,,,,,,,,,,,,,,,,,,,,,,,,,,,,,,,,,,,
https://www.chazakkinder.com/cdn/shop/products/ks5856-1-lightbox_400x.jpg?v=1626717427,5884,Mitgeleibt Chazal #1,Mitgeleibt Chazal #1,Mitgeleibt Chazal #1,Mitgeleibt Chazal #1,Books,Judaica Books,,Chazak Kinder,Chazak Kinder,9781680914580,9781680914580,,,,,,,,,,,,,,,,,,,,,,,,,,,,,,,,,,,,,,,,,
https://www.chazakkinder.com/cdn/shop/products/ks5856-1-lightbox_400x.jpg?v=1626717427,5856,Mitgeleibt Shuvios (Bikirim),Mitgeleibt Shuvios (Bikirim),Mitgeleibt Shuvios (Bikirim),Mitgeleibt Shuvios (Bikirim),Books,Judaica Books,,Chazak Kinder,Chazak Kinder,9781680912692,9781680912692,,,,,,,,,,,,,,,,,,,,,,,,,,,,,,,,,,,,,,,,,
https://www.chazakkinder.com/cdn/shop/products/KS5987-1-lightbox_400x.jpg?v=1626717427,8486,Mitgelebt Chazal #6,Mitgelebt Chazal #6,Mitgelebt Chazal #6,Mitgelebt Chazal #6,Books,Judaica Books,,Chazak Kinder,Chazak Kinder,9781680918076,9781680918076,,,,,,,,,,,,,,,,,,,,,,,,,,,,,,,,,,,,,,,,,
https://www.chazakkinder.com/cdn/shop/products/Screenshot2022-03-09131611_400x.png?v=1646849785,732,Singing Haggada Shel Pesach,Singing Haggada Shel Pesach,Singing Haggada Shel Pesach,Singing Haggada Shel Pesach,Books,Judaica Books,,Chazak Kinder,Chazak Kinder,731716157008,731716157008,,,,,,,,,,,,,,,,,,,,,,,,,,,,,,,,,,,,,,,,,
https://toys4you-fcpos.s3.us-east-2.amazonaws.com/ykIykIykIykIkFIR_9k_ba31d20a-a36e-45f1-b1fe-7b45752772f6.jpg,TKK249,Idea Book Volume 2,Idea Book Volume 2,Idea Book Volume 2,Idea Book Volume 2,Building Sets & Blocks,Judaica Books,,Chazak Kinder,Chazak Kinder,9798885860970,9798885860970,,,,,,,,,,,,,,,,,,,,,,,,,,,,,,,,,,,,,,,,,
https://www.chazakkinder.com/cdn/shop/files/tk249_400x.jpg?v=1727293044,TK249,Idea Book for Clics Vol. 2,Idea Book for Clics Vol. 2,Idea Book for Clics Vol. 2,Idea Book for Clics Vol. 2,Building Sets & Blocks,Judaica Books,,Chazak Kinder,Chazak Kinder,9798885862097,9798885862097,,,,,,,,,,,,,,,,,,,,,,,,,,,,,,,,,,,,,,,,,
https://www.chazakkinder.com/cdn/shop/products/IMG-20210202-WA0068_400x.jpg?v=1625239762,TK208,IDEA BOOK FOR CLICS,IDEA BOOK FOR CLICS,IDEA BOOK FOR CLICS,IDEA BOOK FOR CLICS,Building Sets & Blocks,Judaica Books,,Chazak Kinder,Chazak Kinder,9781950793624,9781950793624,,,,,,,,,,,,,,,,,,,,,,,,,,,,,,,,,,,,,,,,,
https://www.chazakkinder.com/cdn/shop/files/254_400x.png?v=1764347734,USB648,Der Aleph Bais Velt USB DVD,Der Aleph Bais Velt USB DVD,Der Aleph Bais Velt USB DVD,Der Aleph Bais Velt USB DVD,Electronic & Music,DVD / CD/ USB,,Chazak Kinder,Chazak Kinder,756542320402,756542320402,,,,,,,,,,,,,,,,,,,,,,,,,,,,,,,,,,,,,,,,,
https://toys4you-fcpos.s3.us-east-2.amazonaws.com/3lQEliyQZNAFUB_2Q_fc0d979f-ed8d-426a-b95d-715fa9c71282.jpg,USB646,Kinder klangen series USB,Kinder klangen series USB,Kinder klangen series USB,Kinder klangen series USB,Electronics & Music,CD/DVD/USB,,Chazak Kinder,Chazak Kinder,850064376456,850064376456,,,,,,,,,,,,,,,,,,,,,,,,,,,,,,,,,,,,,,,,,
https://toys4you-fcpos.s3.us-east-2.amazonaws.com/CF04CEIQAhCEAIQhAf_Z_36381727-7077-4e2e-8679-e48e0f53a836.jpg,742,Alef Bais Ipad Litvish,Alef Bais Ipad Litvish,Alef Bais Ipad Litvish,Alef Bais Ipad Litvish,Electronics & Music,"Music, Sound & Sensory",,Chazak Kinder,Chazak Kinder,731236562917,731236562917,,,,,,,,,,,,,,,,,,,,,,,,,,,,,,,,,,,,,,,,,
https://www.chazakkinder.com/cdn/shop/files/USB640_400x.png?v=1741812356,USB640,Lien in Leren USB Collection,Lien in Leren USB Collection,Lien in Leren USB Collection,Lien in Leren USB Collection,Electronics & Music,CD/DVD/USB,,Chazak Kinder,Chazak Kinder,850064376449,850064376449,,,,,,,,,,,,,,,,,,,,,,,,,,,,,,,,,,,,,,,,,
https://toys4you-fcpos.s3.us-east-2.amazonaws.com/0LD8zXU3fw8ScaP_2Q_24947487-b972-40a8-a2da-c43e62e74875.jpg,STK241,Shabbos Mommy Set,Shabbos Mommy Set,Shabbos Mommy Set,Shabbos Mommy Set,Figures,Figure Playsets,,Chazak Kinder,Chazak Kinder,696168619545,696168619545,,,,,,,,,,,,,,,,,,,,,,,,,,,,,,,,,,,,,,,,,
https://www.chazakkinder.com/cdn/shop/products/Screenshot2022-01-21110738_400x.png?v=1642781275,TK044,KOSHER ANIMAL SET,KOSHER ANIMAL SET,KOSHER ANIMAL SET,KOSHER ANIMAL SET,Figures,Figure Playsets,,Chazak Kinder,Chazak Kinder,789185827694,789185827694,,,,,,,,,,,,,,,,,,,,,,,,,,,,,,,,,,,,,,,,,
https://judaicaplaza.com/cdn/shop/products/C-TK006_400x.jpg?v=1594593988,TK006,Aleph Beis Locks,Aleph Beis Locks,Aleph Beis Locks,Aleph Beis Locks,Games & Puzzles,Judaica Games,,Chazak Kinder,Chazak Kinder,789185827441,789185827441,,,,,,,,,,,,,,,,,,,,,,,,,,,,,,,,,,,,,,,,,
https://toys4you-fcpos.s3.us-east-2.amazonaws.com/AQAIAEACABAAgD_2Q_45c1e5e9-d135-4f21-adb4-b0f156cc360d.jpg,CK017,Mitzvah Blocks Mezuzah,Mitzvah Blocks Mezuzah,Mitzvah Blocks Mezuzah,Mitzvah Blocks Mezuzah,Games & Puzzles,Judaica games,,Chazak Kinder,Chazak Kinder,696168619620,696168619620,,,,,,,,,,,,,,,,,,,,,,,,,,,,,,,,,,,,,,,,,
https://toys4you-fcpos.s3.us-east-2.amazonaws.com/AQhCAQUIQCEIQCEIQf_Z_c6330890-25ce-4d67-9758-7cc2bd91e7e0.jpg,TK100,DREI KUP GAME,DREI KUP GAME,DREI KUP GAME,DREI KUP GAME,Games & Puzzles,Judaica Games,,Chazak Kinder,Chazak Kinder,793565252440,793565252440,,,,,,,,,,,,,,,,,,,,,,,,,,,,,,,,,,,,,,,,,
https://toys4you-fcpos.s3.us-east-2.amazonaws.com/BACAEAIAQAUAIAQAgP_Z_ab055671-e96e-4077-9c7b-0293764f4205.jpg,TK207,HATZALAH RUSH,HATZALAH RUSH,HATZALAH RUSH,HATZALAH RUSH,Games & Puzzles,Judaica Games,,Chazak Kinder,Chazak Kinder,793565252457,793565252457,,,,,,,,,,,,,,,,,,,,,,,,,,,,,,,,,,,,,,,,,
https://toys4you-fcpos.s3.us-east-2.amazonaws.com/CAIAgCAIAgCAIAgP_9k_68d11441-6a73-4ae7-97e2-7eafed84a214.jpg,TK050A,ALEF BET WOODEN PUZZLE,ALEF BET WOODEN PUZZLE,ALEF BET WOODEN PUZZLE,ALEF BET WOODEN PUZZLE,Games & Puzzles,Judaica games,,Chazak Kinder,Chazak Kinder,789185827304,789185827304,,,,,,,,,,,,,,,,,,,,,,,,,,,,,,,,,,,,,,,,,
https://toys4you-fcpos.s3.us-east-2.amazonaws.com/hACEIQBRwhACEIQD_9k_a269b3d1-78af-4aca-ad4a-e61107955fca.jpg,TK057,ELUL TISHRAH SET,ELUL TISHRAH SET,ELUL TISHRAH SET,ELUL TISHRAH SET,Games & Puzzles,Judaica Games,,Chazak Kinder,Chazak Kinder,757347591356,757347591356,,,,,,,,,,,,,,,,,,,,,,,,,,,,,,,,,,,,,,,,,
https://toys4you-fcpos.s3.us-east-2.amazonaws.com/IQEoAgIQEoAgCAhAf_Z_fa95efce-49db-4364-92eb-2576399f9f5f.jpg,,V'ahavta L'reiacha Puzzle,V'ahavta L'reiacha Puzzle,V'ahavta L'reiacha Puzzle,V'ahavta L'reiacha Puzzle,Games & Puzzles,Puzzles,,Chazak Kinder,Chazak Kinder,696177624233,696177624233,,,,,,,,,,,,,,,,,,,,,,,,,,,,,,,,,,,,,,,,,
https://toys4you-fcpos.s3.us-east-2.amazonaws.com/o0orfizKWaguMGf_2Q_fd9f66fd-f703-4801-be1c-8a443b2b125a.jpg,TK216,SHTETL GAME,SHTETL GAME,SHTETL GAME,SHTETL GAME,Games & Puzzles,Judaica Games,,Chazak Kinder,Chazak Kinder,731716157787,731716157787,,,,,,,,,,,,,,,,,,,,,,,,,,,,,,,,,,,,,,,,,
https://toys4you-fcpos.s3.us-east-2.amazonaws.com/QAEABAAQAEABAAQB_9k_47554dea-6469-4d21-aebe-c0ab426297ac.jpg,CK012,Mitzvah Blocks Tzedukah Blue,Mitzvah Blocks Tzedukah Blue,Mitzvah Blocks Tzedukah Blue,Mitzvah Blocks Tzedukah Blue,Games & Puzzles,Judaica games,,Chazak Kinder,Chazak Kinder,696168619491,696168619491,,,,,,,,,,,,,,,,,,,,,,,,,,,,,,,,,,,,,,,,,
https://toys4you-fcpos.s3.us-east-2.amazonaws.com/QhCEIQlQhCEIQhf_2Q_ea8b8ccc-c19d-4e7a-80c1-48abdbd4cb15.jpg,TK059,The Candy Man Game,The Candy Man Game,The Candy Man Game,The Candy Man Game,Games & Puzzles,Judaica Games,,Chazak Kinder,Chazak Kinder,757347591653,757347591653,,,,,,,,,,,,,,,,,,,,,,,,,,,,,,,,,,,,,,,,,
https://toys4you-fcpos.s3.us-east-2.amazonaws.com/RLD4WFiKKTCwsLEUX_Z_6923abe5-cdc6-4c5b-a889-16a5fb97efb7.jpg,TK050D,WOODEN PEG PUZZLE CARS,WOODEN PEG PUZZLE CARS,WOODEN PEG PUZZLE CARS,WOODEN PEG PUZZLE CARS,Games & Puzzles,Judaica games,,Chazak Kinder,Chazak Kinder,789185827311,789185827311,,,,,,,,,,,,,,,,,,,,,,,,,,,,,,,,,,,,,,,,,
https://toys4you-fcpos.s3.us-east-2.amazonaws.com/SfZz28hOLNAaICIhf_Z_94fc848b-1641-484e-be0f-3983e4fb6c17.jpg,BZ146,Reusable Stickers- Dollhouse,Reusable Stickers- Dollhouse,Reusable Stickers- Dollhouse,Reusable Stickers- Dollhouse,Games & Puzzles,Judaica Games,,Chazak Kinder,Chazak Kinder,731716157053,731716157053,,,,,,,,,,,,,,,,,,,,,,,,,,,,,,,,,,,,,,,,,
https://toys4you-fcpos.s3.us-east-2.amazonaws.com/SSQsgggkkggggkkv_9k_e43e46d6-8c37-487e-9ed2-d65425c9222f.jpg,CK010,Mitzvah Blocks Tzedukah Pink,Mitzvah Blocks Tzedukah Pink,Mitzvah Blocks Tzedukah Pink,Mitzvah Blocks Tzedukah Pink,Games & Puzzles,Judaica games,,Chazak Kinder,Chazak Kinder,696168619507,696168619507,,,,,,,,,,,,,,,,,,,,,,,,,,,,,,,,,,,,,,,,,
https://toys4you-fcpos.s3.us-east-2.amazonaws.com/VACoAVACoAVACoA_9k_3e6f05f2-e051-4050-aef7-29c603748020.jpg,CK015,Mitzvah Block Kever Rochel,Mitzvah Block Kever Rochel,Mitzvah Block Kever Rochel,Mitzvah Block Kever Rochel,Games & Puzzles,Judaica games,,Chazak Kinder,Chazak Kinder,696168619606,696168619606,,,,,,,,,,,,,,,,,,,,,,,,,,,,,,,,,,,,,,,,,
https://toys4you-fcpos.s3.us-east-2.amazonaws.com/WpUmkKaSNCE0mknS_9k_5ed451fe-c71a-4757-8abf-1b591b5fc3fb.jpg,TK050F,Mitzvah Wooden Puzzle,Mitzvah Wooden Puzzle,Mitzvah Wooden Puzzle,Mitzvah Wooden Puzzle,Games & Puzzles,Judaica Games,,Chazak Kinder,Chazak Kinder,696168620619,696168620619,,,,,,,,,,,,,,,,,,,,,,,,,,,,,,,,,,,,,,,,,
https://toys4you-fcpos.s3.us-east-2.amazonaws.com/y8v_2GgLpf1MCERAhf_Z_32c24a3b-ad28-4c7a-b2d0-4c3ad1cb4478.jpg,TK050C,WOODEN PEG PUZZLE,WOODEN PEG PUZZLE,WOODEN PEG PUZZLE,WOODEN PEG PUZZLE,Games & Puzzles,Judaica games,,Chazak Kinder,Chazak Kinder,789185827335,789185827335,,,,,,,,,,,,,,,,,,,,,,,,,,,,,,,,,,,,,,,,,
https://toys4you-fcpos.s3.us-east-2.amazonaws.com/zHzozNdSU6FPEVOeR_Z_4630f293-1f03-455d-9a14-6f58c0680f76.jpg,TK050B,WOODEN PEG PUZZLE SHABBOS,WOODEN PEG PUZZLE SHABBOS,WOODEN PEG PUZZLE SHABBOS,WOODEN PEG PUZZLE SHABBOS,Games & Puzzles,Judaica games,,Chazak Kinder,Chazak Kinder,789185827328,789185827328,,,,,,,,,,,,,,,,,,,,,,,,,,,,,,,,,,,,,,,,,
https://www.chazakkinder.com/cdn/shop/files/TK236_400x.jpg?v=1733953167,TK236,Overnight Kichel Game,Overnight Kichel Game,Overnight Kichel Game,Overnight Kichel Game,Games & Puzzles,Judaica Games,,Chazak Kinder,Chazak Kinder,696168619637,696168619637,,,,,,,,,,,,,,,,,,,,,,,,,,,,,,,,,,,,,,,,,
https://www.chazakkinder.com/cdn/shop/files/TK240A_400x.png?v=1733953326,TK240A,Nose Spin Game,Nose Spin Game,Nose Spin Game,Nose Spin Game,Games & Puzzles,Judaica Games,,Chazak Kinder,Chazak Kinder,696168620510,696168620510,,,,,,,,,,,,,,,,,,,,,,,,,,,,,,,,,,,,,,,,,
https://www.chazakkinder.com/cdn/shop/files/TK247_400x.png?v=1733953237,TK247,THE COUPLE CONVO,THE COUPLE CONVO,THE COUPLE CONVO,THE COUPLE CONVO,Games & Puzzles,Adult games,,Chazak Kinder,Chazak Kinder,610371732877,610371732877,,,,,,,,,,,,,,,,,,,,,,,,,,,,,,,,,,,,,,,,,
https://www.chazakkinder.com/cdn/shop/files/WhatsAppImage2023-10-19at11.27.43_5696a4a8_400x.jpg?v=1697729497,PC027,Oiber Chuchem Rocket Ship,Oiber Chuchem Rocket Ship,Oiber Chuchem Rocket Ship,Oiber Chuchem Rocket Ship,Games & Puzzles,Card Games,,Chazak Kinder,Chazak Kinder,791126051556,791126051556,,,,,,,,,,,,,,,,,,,,,,,,,,,,,,,,,,,,,,,,,
https://www.chazakkinder.com/cdn/shop/files/WhatsAppImage2023-10-19at11.27.43_f8e27351_400x.jpg?v=1697729571,PC028,OIBER CHUCHEM Parshas Hashavua,OIBER CHUCHEM Parshas Hashavua,OIBER CHUCHEM Parshas Hashavua,OIBER CHUCHEM Parshas Hashavua,Games & Puzzles,Card Games,,Chazak Kinder,Chazak Kinder,791126051563,791126051563,,,,,,,,,,,,,,,,,,,,,,,,,,,,,,,,,,,,,,,,,
https://www.chazakkinder.com/cdn/shop/products/3295-lightbox_400x.jpg?v=1610581195,TK078,The Marketplace 100 Piece Puzzle,The Marketplace 100 Piece Puzzle,The Marketplace 100 Piece Puzzle,The Marketplace 100 Piece Puzzle,Games & Puzzles,Puzzles,,Chazak Kinder,Chazak Kinder,696177624219,696177624219,,,,,,,,,,,,,,,,,,,,,,,,,,,,,,,,,,,,,,,,,
https://www.chazakkinder.com/cdn/shop/products/blick-stare_1_400x.jpg?v=1605654559,TK040,A Blick Game,A Blick Game,A Blick Game,A Blick Game,Games & Puzzles,Judaica Games,,Chazak Kinder,Chazak Kinder,731236532279,731236532279,,,,,,,,,,,,,,,,,,,,,,,,,,,,,,,,,,,,,,,,,
https://www.chazakkinder.com/cdn/shop/products/Blitz_1024x1024_4b2002c1-2262-48f1-9f90-2ec5d31947c3_400x.jpg?v=1610552974,TK005,Blitzpix Game,Blitzpix Game,Blitzpix Game,Blitzpix Game,Games & Puzzles,Judaica Games,,Chazak Kinder,Chazak Kinder,789185827397,789185827397,,,,,,,,,,,,,,,,,,,,,,,,,,,,,,,,,,,,,,,,,
https://www.chazakkinder.com/cdn/shop/products/Hatzolah_20Go_1_400x.jpg?v=1610402111,TK004,HATZALAH GO,HATZALAH GO,HATZALAH GO,HATZALAH GO,Games & Puzzles,Judaica Games,,Chazak Kinder,Chazak Kinder,807676307460,807676307460,,,,,,,,,,,,,,,,,,,,,,,,,,,,,,,,,,,,,,,,,
https://www.chazakkinder.com/cdn/shop/products/knockadig_400x.jpg?v=1627569388,TK102,K'nakedig,K'nakedig,K'nakedig,K'nakedig,Games & Puzzles,Judaica Games,,Chazak Kinder,Chazak Kinder,604015673541,604015673541,,,,,,,,,,,,,,,,,,,,,,,,,,,,,,,,,,,,,,,,,
https://toys4you-fcpos.s3.us-east-2.amazonaws.com/AAAAAAAAAAAAAAAB_9k_81dba9c1-055e-4c9a-b2ec-ce6580e940a4.jpg,TK104,Picture Plush Sefer Torah,Picture Plush Sefer Torah,Picture Plush Sefer Torah,Picture Plush Sefer Torah,Pretend Play & Dress Up,Plush,,Chazak Kinder,Chazak Kinder,610371733164,610371733164,,,,,,,,,,,,,,,,,,,,,,,,,,,,,,,,,,,,,,,,,