Picture,Number,Name(Zh),Name(En),Name(Es),Name(It),Category,Custom Category,Brand,Custom Brand,UPC Code,Origin(UPC),Description,IPK Code,Origin(IPK),Case Code,Origin(Case),Craft(Zh),Craft(En),Craft(Es),Craft(It),Case Rate,Case Length(ft),Case Width(ft),Case Height(ft),Case Cube(ft³),Case Weight(lb),Layer Rate(Case),Pallet Rate(Case),IPK Rate,IPK Length(ft),IPK Width(ft),IPK Height(ft),IPK Cube(ft³),IPK Weight(lb),Layer Rate(IPK),Pallet Rate(IPK),Dozen Rate,Dozen Length(ft),Dozen Width(ft),Dozen Height(ft),Dozen Cube(ft³),Dozen Weight(lb),Layer Rate(Dozen),Pallet Rate(Dozen),Piece Length(ft),Piece Width(ft),Piece Height(ft),Piece Cube(ft³),Piece Weight(lb),Layer Rate(Piece),Pallet Rate(Piece),Future Sale Manage Rate
,3108,8.5'' Rainbow Playground Ball For Kids,8.5'' Rainbow Playground Ball For Kids,8.5'' Rainbow Playground Ball For Kids,8.5'' Rainbow Playground Ball For Kids,Others,Sports & Active Play,NEW BOUNCE,,86138107057,86138107057,,,,,,,,,,,,,,,,,,,2,2,2,,,,,,,,,,,,,,,,,,,,
,3109,"8.5'' Marbleized Ball, Assorted Colors","8.5'' Marbleized Ball, Assorted Colors","8.5'' Marbleized Ball, Assorted Colors","8.5'' Marbleized Ball, Assorted Colors",Others,Sports & Active Play,NEW BOUNCE,,86138107071,86138107071,,,,,,,,,,,,,,,,,,,1,1,1,,,,,,,,,,,,,,,,,,,,
,3110,"8.5'' Knobby Ball, Assorted. Colors","8.5'' Knobby Ball, Assorted. Colors","8.5'' Knobby Ball, Assorted. Colors","8.5'' Knobby Ball, Assorted. Colors",Others,Sports & Active Play,NEW BOUNCE,,86138107088,86138107088,,,,,,,,,,,,,,,,,,,12,5,3,,,,,,,,,,,,,,,,,,,,
,3138,"Playground Ball - PG8.5"" - Assorted Colors","Playground Ball - PG8.5"" - Assorted Colors","Playground Ball - PG8.5"" - Assorted Colors","Playground Ball - PG8.5"" - Assorted Colors",Others,Sports & Active Play,NEW BOUNCE,,786138803798,786138803798,,,,,,,,,,,,,,,,,,,2,2,2,,2,,,,,,,,,,,,,,,,,,
,3139,"Playground Ball - PG7"" - Assorted Colors","Playground Ball - PG7"" - Assorted Colors","Playground Ball - PG7"" - Assorted Colors","Playground Ball - PG7"" - Assorted Colors",Others,Sports & Active Play,NEW BOUNCE,,786138803804,786138803804,,,,,,,,,,,,,,,,,,,6,6,1,,2,,,,,,,,,,,,,,,,,,
,3141,40'' Folding Mini Trampoline,40'' Folding Mini Trampoline,40'' Folding Mini Trampoline,40'' Folding Mini Trampoline,Others,Sports & Active Play,NEW BOUNCE,,786138804733,786138804733,,,,,,,,,,,,,,,,,,,30,15,4,,15,,,,,,,,,,,,,,,,,,
,3142,36'' Folding Mini Trampoline with Handle,36'' Folding Mini Trampoline with Handle,36'' Folding Mini Trampoline with Handle,36'' Folding Mini Trampoline with Handle,Others,Sports & Active Play,NEW BOUNCE,,786138804740,786138804740,,,,,,,,,,,,,,,,,,,31,14,4,,10,,,,,,,,,,,,,,,,,,
,3148,4 Pc Rocket Launcher With Lights,4 Pc Rocket Launcher With Lights,4 Pc Rocket Launcher With Lights,4 Pc Rocket Launcher With Lights,Others,Sports & Active Play,NEW BOUNCE,,786138805877,786138805877,,,,,,,,,,,,,,,,,,,0,0,0,,,,,,,,,,,,,,,,,,,,
,3149,6 Rockets and 2 Launchers With Lights,6 Rockets and 2 Launchers With Lights,6 Rockets and 2 Launchers With Lights,6 Rockets and 2 Launchers With Lights,Others,Sports & Active Play,NEW BOUNCE,,786138805884,786138805884,,,,,,,,,,,,,,,,,,,11,9,6,,1,,,,,,,,,,,,,,,,,,
,3150,Lawn Darts Set,Lawn Darts Set,Lawn Darts Set,Lawn Darts Set,Others,Sports & Active Play,NEW BOUNCE,,786138805891,786138805891,,,,,,,,,,,,,,,,,,,3,6,1,,,,,,,,,,,,,,,,,,,,
,3151,Bow and Arrow Set,Bow and Arrow Set,Bow and Arrow Set,Bow and Arrow Set,Others,Sports & Active Play,NEW BOUNCE,,786138805907,786138805907,,,,,,,,,,,,,,,,,,,0,0,0,,,,,,,,,,,,,,,,,,,,
,3152,3 in 1 Ring Toss Game,3 in 1 Ring Toss Game,3 in 1 Ring Toss Game,3 in 1 Ring Toss Game,Others,Sports & Active Play,NEW BOUNCE,,786138805914,786138805914,,,,,,,,,,,,,,,,,,,6.5,6.5,10.5,,2,,,,,,,,,,,,,,,,,,
,3153,Bean Bag Can Toss Set,Bean Bag Can Toss Set,Bean Bag Can Toss Set,Bean Bag Can Toss Set,Others,Sports & Active Play,NEW BOUNCE,,786138805921,786138805921,,,,,,,,,,,,,,,,,,,8,2,2,,,,,,,,,,,,,,,,,,,,
,3156,8.5'' Smiley Ball,8.5'' Smiley Ball,8.5'' Smiley Ball,8.5'' Smiley Ball,Others,Sports & Active Play,NEW BOUNCE,,786138805969,786138805969,,,,,,,,,,,,,,,,,,,2,2,2,,1,,,,,,,,,,,,,,,,,,
,3158,8.5'' Lego Print Ball,8.5'' Lego Print Ball,8.5'' Lego Print Ball,8.5'' Lego Print Ball,Others,Sports & Active Play,NEW BOUNCE,,786138805983,786138805983,,,,,,,,,,,,,,,,,,,2,2,2,,,,,,,,,,,,,,,,,,,,
,3160,8.5'' Rainbow Swirl Ball,8.5'' Rainbow Swirl Ball,8.5'' Rainbow Swirl Ball,8.5'' Rainbow Swirl Ball,Others,Sports & Active Play,NEW BOUNCE,,786138806003,786138806003,,,,,,,,,,,,,,,,,,,1,1,1,,,,,,,,,,,,,,,,,,,,
,3162,8.5'' Multi Color Dotted Ball,8.5'' Multi Color Dotted Ball,8.5'' Multi Color Dotted Ball,8.5'' Multi Color Dotted Ball,Others,Sports & Active Play,NEW BOUNCE,,786138806027,786138806027,,,,,,,,,,,,,,,,,,,1,1,1,,,,,,,,,,,,,,,,,,,,
,3164,8.5'' Dotted Ball,8.5'' Dotted Ball,8.5'' Dotted Ball,8.5'' Dotted Ball,Others,Sports & Active Play,NEW BOUNCE,,786138806041,786138806041,,,,,,,,,,,,,,,,,,,1,1,1,,,,,,,,,,,,,,,,,,,,
,3167,Hopper Ball with Pump,Hopper Ball with Pump,Hopper Ball with Pump,Hopper Ball with Pump,Others,Sports & Active Play,NEW BOUNCE,,786138806072,786138806072,,,,,,,,,,,,,,,,,,,10,7,3,,,,,,,,,,,,,,,,,,,,
,3177,20'' Hopper Ball with Pump,20'' Hopper Ball with Pump,20'' Hopper Ball with Pump,20'' Hopper Ball with Pump,Others,Sports & Active Play,NEW BOUNCE,,786138807277,786138807277,,,,,,,,,,,,,,,,,,,2,2,2,,,,,,,,,,,,,,,,,,,,
,3178,"3 Pack 5'' Sports Balls - Red, Blue and Green","3 Pack 5'' Sports Balls - Red, Blue and Green","3 Pack 5'' Sports Balls - Red, Blue and Green","3 Pack 5'' Sports Balls - Red, Blue and Green",Others,Sports & Active Play,NEW BOUNCE,,786138809356,786138809356,,,,,,,,,,,,,,,,,,,2,1,1,,,,,,,,,,,,,,,,,,,,
,3179,"3 Pack 5'' Sports Balls - Basket, Foot & Soccer","3 Pack 5'' Sports Balls - Basket, Foot & Soccer","3 Pack 5'' Sports Balls - Basket, Foot & Soccer","3 Pack 5'' Sports Balls - Basket, Foot & Soccer",Others,Sports & Active Play,NEW BOUNCE,,786138809363,786138809363,,,,,,,,,,,,,,,,,,,2,1,1,,,,,,,,,,,,,,,,,,,,
,3102-Pro,Pro Sport Pogo Stick with Silicone Ring,Pro Sport Pogo Stick with Silicone Ring,Pro Sport Pogo Stick with Silicone Ring,Pro Sport Pogo Stick with Silicone Ring,Others,Sports & Active Play,NEW BOUNCE,,86138106623,86138106623,,,,,,,,,,,,,,,,,,,38,10,2,,8,,,,,,,,,,,,,,,,,,
,3102-Sport,Sport Pogo Stick with Silicone Ring,Sport Pogo Stick with Silicone Ring,Sport Pogo Stick with Silicone Ring,Sport Pogo Stick with Silicone Ring,Others,Sports & Active Play,NEW BOUNCE,,86138106616,86138106616,,,,,,,,,,,,,,,,,,,0,0,0,,5,,,,,,,,,,,,,,,,,,
,3103-BC,Sport Pogo Stick Black and Charcoal,Sport Pogo Stick Black and Charcoal,Sport Pogo Stick Black and Charcoal,Sport Pogo Stick Black and Charcoal,Others,Sports & Active Play,NEW BOUNCE,,86138107187,86138107187,,,,,,,,,,,,,,,,,,,37.5,9.5,2,,8,,,,,,,,,,,,,,,,,,
,3103-BG,Sport Pogo Stick Black and Green,Sport Pogo Stick Black and Green,Sport Pogo Stick Black and Green,Sport Pogo Stick Black and Green,Others,Sports & Active Play,NEW BOUNCE,,86138106654,86138106654,,,,,,,,,,,,,,,,,,,37.5,9.5,2,,7,,,,,,,,,,,,,,,,,,
,3103-BGR,Sport Pogo Stick Blue and Grey,Sport Pogo Stick Blue and Grey,Sport Pogo Stick Blue and Grey,Sport Pogo Stick Blue and Grey,Others,Sports & Active Play,NEW BOUNCE,,86138107194,86138107194,,,,,,,,,,,,,,,,,,,37.5,9.5,2,,7,,,,,,,,,,,,,,,,,,
,3103-BR,Sport Pogo Stick Black and Red,Sport Pogo Stick Black and Red,Sport Pogo Stick Black and Red,Sport Pogo Stick Black and Red,Others,Sports & Active Play,NEW BOUNCE,,86138107200,86138107200,,,,,,,,,,,,,,,,,,,37.5,9.5,2,,7,,,,,,,,,,,,,,,,,,
,3103-BRD,Sport Pogo Stick Blue and Red,Sport Pogo Stick Blue and Red,Sport Pogo Stick Blue and Red,Sport Pogo Stick Blue and Red,Others,Sports & Active Play,NEW BOUNCE,,86138107217,86138107217,,,,,,,,,,,,,,,,,,,37.5,9.5,2,,8,,,,,,,,,,,,,,,,,,
,3103-BY,Sport Pogo Stick Black and Yellow,Sport Pogo Stick Black and Yellow,Sport Pogo Stick Black and Yellow,Sport Pogo Stick Black and Yellow,Others,Sports & Active Play,NEW BOUNCE,,86138106630,86138106630,,,,,,,,,,,,,,,,,,,37.5,9.5,2,,7,,,,,,,,,,,,,,,,,,
,3103-P,Sport Pogo Stick Pink,Sport Pogo Stick Pink,Sport Pogo Stick Pink,Sport Pogo Stick Pink,Others,Sports & Active Play,NEW BOUNCE,,86138107361,86138107361,,,,,,,,,,,,,,,,,,,37.5,9.5,2,,7,,,,,,,,,,,,,,,,,,
,3104-BC,Pro Sport Pogo Stick Black and Charcoal,Pro Sport Pogo Stick Black and Charcoal,Pro Sport Pogo Stick Black and Charcoal,Pro Sport Pogo Stick Black and Charcoal,Others,Sports & Active Play,NEW BOUNCE,,86138107224,86138107224,,,,,,,,,,,,,,,,,,,42,13.5,2,,8,,,,,,,,,,,,,,,,,,
,3104-BG,Pro Sport Pogo Stick Black and Green,Pro Sport Pogo Stick Black and Green,Pro Sport Pogo Stick Black and Green,Pro Sport Pogo Stick Black and Green,Others,Sports & Active Play,NEW BOUNCE,,86138106661,86138106661,,,,,,,,,,,,,,,,,,,42,13.5,2,,8,,,,,,,,,,,,,,,,,,
,3104-BGR,Pro Sport Pogo Stick Blue and Grey,Pro Sport Pogo Stick Blue and Grey,Pro Sport Pogo Stick Blue and Grey,Pro Sport Pogo Stick Blue and Grey,Others,Sports & Active Play,NEW BOUNCE,,86138107231,86138107231,,,,,,,,,,,,,,,,,,,42,13.5,2,,8,,,,,,,,,,,,,,,,,,
,3104-BR,Pro Sport Pogo Stick Black and Red,Pro Sport Pogo Stick Black and Red,Pro Sport Pogo Stick Black and Red,Pro Sport Pogo Stick Black and Red,Others,Sports & Active Play,NEW BOUNCE,,86138107248,86138107248,,,,,,,,,,,,,,,,,,,42,13.5,2,,8,,,,,,,,,,,,,,,,,,
,3104-BRD,Pro Sport Pogo Stick Blue and Red,Pro Sport Pogo Stick Blue and Red,Pro Sport Pogo Stick Blue and Red,Pro Sport Pogo Stick Blue and Red,Others,Sports & Active Play,NEW BOUNCE,,86138107255,86138107255,,,,,,,,,,,,,,,,,,,42,13.5,2,,8,,,,,,,,,,,,,,,,,,
,3104-BY,Pro Sport Pogo Stick Black and Yellow,Pro Sport Pogo Stick Black and Yellow,Pro Sport Pogo Stick Black and Yellow,Pro Sport Pogo Stick Black and Yellow,Others,Sports & Active Play,NEW BOUNCE,,86138106647,86138106647,,,,,,,,,,,,,,,,,,,42,13.5,2,,8,,,,,,,,,,,,,,,,,,
,3104-P,Pro Sport Pogo Stick Pink,Pro Sport Pogo Stick Pink,Pro Sport Pogo Stick Pink,Pro Sport Pogo Stick Pink,Others,Sports & Active Play,NEW BOUNCE,,786138803859,786138803859,,,,,,,,,,,,,,,,,,,42,13.5,2,,8,,,,,,,,,,,,,,,,,,
,3118-B,My First Pogo Stick - Foam Pogo Jumper - Blue,My First Pogo Stick - Foam Pogo Jumper - Blue,My First Pogo Stick - Foam Pogo Jumper - Blue,My First Pogo Stick - Foam Pogo Jumper - Blue,Others,Sports & Active Play,NEW BOUNCE,,86138107156,86138107156,,,,,,,,,,,,,,,,,,,2,2,2,,,,,,,,,,,,,,,,,,,,
,3118-P,My First Pogo Stick - Foam Pogo Jumper - Pink,My First Pogo Stick - Foam Pogo Jumper - Pink,My First Pogo Stick - Foam Pogo Jumper - Pink,My First Pogo Stick - Foam Pogo Jumper - Pink,Others,Sports & Active Play,NEW BOUNCE,,86138107163,86138107163,,,,,,,,,,,,,,,,,,,4,2,4,,,,,,,,,,,,,,,,,,,,
,3118-PL,My First Pogo - Purple,My First Pogo - Purple,My First Pogo - Purple,My First Pogo - Purple,Others,Sports & Active Play,NEW BOUNCE,,786138809974,786138809974,,,,,,,,,,,,,,,,,,,4,4,2,,,,,,,,,,,,,,,,,,,,
,3118-R,My First Pogo Stick - Foam Pogo Jumper - Red,My First Pogo Stick - Foam Pogo Jumper - Red,My First Pogo Stick - Foam Pogo Jumper - Red,My First Pogo Stick - Foam Pogo Jumper - Red,Others,Sports & Active Play,NEW BOUNCE,,86138107149,86138107149,,,,,,,,,,,,,,,,,,,4,2,4,,,,,,,,,,,,,,,,,,,,
,3119-L,Inline Roller Skates - Boys - Size 6-9,Inline Roller Skates - Boys - Size 6-9,Inline Roller Skates - Boys - Size 6-9,Inline Roller Skates - Boys - Size 6-9,Others,Sports & Active Play,NEW BOUNCE,,86138107286,86138107286,,,,,,,,,,,,,,,,,,,16,12,8,,5,,,,,,,,,,,,,,,,,,
,3119-M,Inline Roller Skates - Boys - Size 2-5,Inline Roller Skates - Boys - Size 2-5,Inline Roller Skates - Boys - Size 2-5,Inline Roller Skates - Boys - Size 2-5,Others,Sports & Active Play,NEW BOUNCE,,86138107279,86138107279,,,,,,,,,,,,,,,,,,,16,12,8,,5,,,,,,,,,,,,,,,,,,
,3119-S,Inline Roller Skates - Boys - Size 12-1,Inline Roller Skates - Boys - Size 12-1,Inline Roller Skates - Boys - Size 12-1,Inline Roller Skates - Boys - Size 12-1,Others,Sports & Active Play,NEW BOUNCE,,86138107262,86138107262,,,,,,,,,,,,,,,,,,,16,12,8,,4,,,,,,,,,,,,,,,,,,
,3119-XS,Inline Roller/Tri Skates - Boys - Size J8-J11,Inline Roller/Tri Skates - Boys - Size J8-J11,Inline Roller/Tri Skates - Boys - Size J8-J11,Inline Roller/Tri Skates - Boys - Size J8-J11,Others,Sports & Active Play,NEW BOUNCE,,86138107347,86138107347,,,,,,,,,,,,,,,,,,,16,12,8,,4,,,,,,,,,,,,,,,,,,
,3120-L,Inline Roller Skates - Girls - Size 6-9,Inline Roller Skates - Girls - Size 6-9,Inline Roller Skates - Girls - Size 6-9,Inline Roller Skates - Girls - Size 6-9,Others,Sports & Active Play,NEW BOUNCE,,86138107316,86138107316,,,,,,,,,,,,,,,,,,,16,12,8,,4,,,,,,,,,,,,,,,,,,
,3120-M,Inline Roller Skates - Girls - Size 2-5,Inline Roller Skates - Girls - Size 2-5,Inline Roller Skates - Girls - Size 2-5,Inline Roller Skates - Girls - Size 2-5,Others,Sports & Active Play,NEW BOUNCE,,86138107309,86138107309,,,,,,,,,,,,,,,,,,,16,12,8,,4,,,,,,,,,,,,,,,,,,
,3120-S,Inline Roller Skates - Girls - Size 12-1,Inline Roller Skates - Girls - Size 12-1,Inline Roller Skates - Girls - Size 12-1,Inline Roller Skates - Girls - Size 12-1,Others,Sports & Active Play,NEW BOUNCE,,86138107293,86138107293,,,,,,,,,,,,,,,,,,,16,12,8,,4,,,,,,,,,,,,,,,,,,
,3120-XS,Inline Roller/Tri Skates - Girls - Size J8-J11,Inline Roller/Tri Skates - Girls - Size J8-J11,Inline Roller/Tri Skates - Girls - Size J8-J11,Inline Roller/Tri Skates - Girls - Size J8-J11,Others,Sports & Active Play,NEW BOUNCE,,86138107354,86138107354,,,,,,,,,,,,,,,,,,,16,12,8,,4,,,,,,,,,,,,,,,,,,
,3128-B,"Life Vest, Puddle Jumper with Arm Floats- Blue","Life Vest, Puddle Jumper with Arm Floats- Blue","Life Vest, Puddle Jumper with Arm Floats- Blue","Life Vest, Puddle Jumper with Arm Floats- Blue",Others,Sports & Active Play,NEW BOUNCE,,786138803132,786138803132,,,,,,,,,,,,,,,,,,,12,8,10,,,,,,,,,,,,,,,,,,,,
,3128-P,"Life Vest, Puddle Jumper with Arm Floats- Pink","Life Vest, Puddle Jumper with Arm Floats- Pink","Life Vest, Puddle Jumper with Arm Floats- Pink","Life Vest, Puddle Jumper with Arm Floats- Pink",Others,Sports & Active Play,NEW BOUNCE,,786138803149,786138803149,,,,,,,,,,,,,,,,,,,12,8,10,,,,,,,,,,,,,,,,,,,,
,3129-G,Toddler Swing Seat -Bucket Swing - Dark Green,Toddler Swing Seat -Bucket Swing - Dark Green,Toddler Swing Seat -Bucket Swing - Dark Green,Toddler Swing Seat -Bucket Swing - Dark Green,Others,Sports & Active Play,NEW BOUNCE,,786138803156,786138803156,,,,,,,,,,,,,,,,,,,14,12,10,,8,,,,,,,,,,,,,,,,,,
,3129-R,Toddler Swing Seat -Bucket Swing - Red,Toddler Swing Seat -Bucket Swing - Red,Toddler Swing Seat -Bucket Swing - Red,Toddler Swing Seat -Bucket Swing - Red,Others,Sports & Active Play,NEW BOUNCE,,786138806997,786138806997,,,,,,,,,,,,,,,,,,,14,12,10,,8,,,,,,,,,,,,,,,,,,
,3130-G,Swing Seat - Outdoor Belt Swing - Green,Swing Seat - Outdoor Belt Swing - Green,Swing Seat - Outdoor Belt Swing - Green,Swing Seat - Outdoor Belt Swing - Green,Others,Sports & Active Play,NEW BOUNCE,,786138803163,786138803163,,,,,,,,,,,,,,,,,,,16,12,8,,5,,,,,,,,,,,,,,,,,,
,3131-R,Swing Seat - Outdoor Belt Swing - Red,Swing Seat - Outdoor Belt Swing - Red,Swing Seat - Outdoor Belt Swing - Red,Swing Seat - Outdoor Belt Swing - Red,Others,Sports & Active Play,NEW BOUNCE,,786138803170,786138803170,,,,,,,,,,,,,,,,,,,12,8,10,,5,,,,,,,,,,,,,,,,,,
,3134-BK,GoScoot Max Kick Scooter - Black,GoScoot Max Kick Scooter - Black,GoScoot Max Kick Scooter - Black,GoScoot Max Kick Scooter - Black,Others,Sports & Active Play,NEW BOUNCE,,786138808052,786138808052,,,,,,,,,,,,,,,,,,,22,12,7,,6,,,,,,,,,,,,,,,,,,
,3134-BL,GoScoot Max Kick Scooter - Blue,GoScoot Max Kick Scooter - Blue,GoScoot Max Kick Scooter - Blue,GoScoot Max Kick Scooter - Blue,Others,Sports & Active Play,NEW BOUNCE,,786138803668,786138803668,,,,,,,,,,,,,,,,,,,22,12,7,,6,,,,,,,,,,,,,,,,,,
,3134-G,GoScoot Max Kick Scooter - Green,GoScoot Max Kick Scooter - Green,GoScoot Max Kick Scooter - Green,GoScoot Max Kick Scooter - Green,Others,Sports & Active Play,NEW BOUNCE,,786138808045,786138808045,,,,,,,,,,,,,,,,,,,22,12,7,,6,,,,,,,,,,,,,,,,,,
,3134-P,GoScoot Max Kick Scooter - Pink,GoScoot Max Kick Scooter - Pink,GoScoot Max Kick Scooter - Pink,GoScoot Max Kick Scooter - Pink,Others,Sports & Active Play,NEW BOUNCE,,786138803675,786138803675,,,,,,,,,,,,,,,,,,,22,12,7,,6,,,,,,,,,,,,,,,,,,
,3134-PL,GoScoot Max Kick Scooter - Purple,GoScoot Max Kick Scooter - Purple,GoScoot Max Kick Scooter - Purple,GoScoot Max Kick Scooter - Purple,Others,Sports & Active Play,NEW BOUNCE,,786138808038,786138808038,,,,,,,,,,,,,,,,,,,22,12,7,,6,,,,,,,,,,,,,,,,,,
,3134-R,GoScoot Max Kick Scooter - Red,GoScoot Max Kick Scooter - Red,GoScoot Max Kick Scooter - Red,GoScoot Max Kick Scooter - Red,Others,Sports & Active Play,NEW BOUNCE,,786138803682,786138803682,,,,,,,,,,,,,,,,,,,22,12,7,,6,,,,,,,,,,,,,,,,,,
,3135-R,Pedal Fly Scooter - Red,Pedal Fly Scooter - Red,Pedal Fly Scooter - Red,Pedal Fly Scooter - Red,Others,Sports & Active Play,NEW BOUNCE,,786138803699,786138803699,,,,,,,,,,,,,,,,,,,23,12,6,,6,,,,,,,,,,,,,,,,,,
,3143-G,Heel Wheels with Flashing Lights - Green,Heel Wheels with Flashing Lights - Green,Heel Wheels with Flashing Lights - Green,Heel Wheels with Flashing Lights - Green,Others,Sports & Active Play,NEW BOUNCE,,786138804757,786138804757,,,,,,,,,,,,,,,,,,,3,2,2,,2,,,,,,,,,,,,,,,,,,
,3143-P,Heel Wheels with Flashing Lights - Purple,Heel Wheels with Flashing Lights - Purple,Heel Wheels with Flashing Lights - Purple,Heel Wheels with Flashing Lights - Purple,Others,Sports & Active Play,NEW BOUNCE,,786138804764,786138804764,,,,,,,,,,,,,,,,,,,2,2,2,,2,,,,,,,,,,,,,,,,,,
,3144-G,Heel Wheels - Green,Heel Wheels - Green,Heel Wheels - Green,Heel Wheels - Green,Others,Sports & Active Play,NEW BOUNCE,,786138804771,786138804771,,,,,,,,,,,,,,,,,,,2,2,2,,2,,,,,,,,,,,,,,,,,,
,3144-P,Heel Wheels - Purple,Heel Wheels - Purple,Heel Wheels - Purple,Heel Wheels - Purple,Others,Sports & Active Play,NEW BOUNCE,,786138804788,786138804788,,,,,,,,,,,,,,,,,,,2,2,2,,2,,,,,,,,,,,,,,,,,,
,3145-G,Bouncing Shoes - Green,Bouncing Shoes - Green,Bouncing Shoes - Green,Bouncing Shoes - Green,Others,Sports & Active Play,NEW BOUNCE,,786138804795,786138804795,,,,,,,,,,,,,,,,,,,16,12,8,,6,,,,,,,,,,,,,,,,,,
,3145-P,Bouncing Shoes - Purple,Bouncing Shoes - Purple,Bouncing Shoes - Purple,Bouncing Shoes - Purple,Others,Sports & Active Play,NEW BOUNCE,,786138804801,786138804801,,,,,,,,,,,,,,,,,,,16,12,8,,6,,,,,,,,,,,,,,,,,,
,3146-BK,New Goscoot Ultimate Kick Scooter - Black,New Goscoot Ultimate Kick Scooter - Black,New Goscoot Ultimate Kick Scooter - Black,New Goscoot Ultimate Kick Scooter - Black,Others,Sports & Active Play,NEW BOUNCE,,786138804818,786138804818,,,,,,,,,,,,,,,,,,,30,10,5,,6,,,,,,,,,,,,,,,,,,
,3146-BL,New Goscoot Ultimate Kick Scooter - Blue,New Goscoot Ultimate Kick Scooter - Blue,New Goscoot Ultimate Kick Scooter - Blue,New Goscoot Ultimate Kick Scooter - Blue,Others,Sports & Active Play,NEW BOUNCE,,786138804825,786138804825,,,,,,,,,,,,,,,,,,,12,5,5,,6,,,,,,,,,,,,,,,,,,
,3146-P,New Goscoot Ultimate Kick Scooter - Pink,New Goscoot Ultimate Kick Scooter - Pink,New Goscoot Ultimate Kick Scooter - Pink,New Goscoot Ultimate Kick Scooter - Pink,Others,Sports & Active Play,NEW BOUNCE,,786138804832,786138804832,,,,,,,,,,,,,,,,,,,38,10,5,,6,,,,,,,,,,,,,,,,,,
,3147-BG,Pogo Hopper Black and Green,Pogo Hopper Black and Green,Pogo Hopper Black and Green,Pogo Hopper Black and Green,Others,Sports & Active Play,NEW BOUNCE,,786138805938,786138805938,,,,,,,,,,,,,,,,,,,14,12,1,,1,,,,,,,,,,,,,,,,,,
,3147-G,Pogo Hopper - Grey,Pogo Hopper - Grey,Pogo Hopper - Grey,Pogo Hopper - Grey,Others,Sports & Active Play,NEW BOUNCE,,786138805310,786138805310,,,,,,,,,,,,,,,,,,,0,0,0,,1,,,,,,,,,,,,,,,,,,
,3147-P,Pogo Hopper - Pink,Pogo Hopper - Pink,Pogo Hopper - Pink,Pogo Hopper - Pink,Others,Sports & Active Play,NEW BOUNCE,,786138805327,786138805327,,,,,,,,,,,,,,,,,,,0,0,0,,1,,,,,,,,,,,,,,,,,,
,3168-G,Dual Electric Water Gun - Green,Dual Electric Water Gun - Green,Dual Electric Water Gun - Green,Dual Electric Water Gun - Green,Others,Sports & Active Play,NEW BOUNCE,,786138806966,786138806966,,,,,,,,,,,,,,,,,,,0,0,0,,,,,,,,,,,,,,,,,,,,
,3168-O,Dual Electric Water Gun - Orange,Dual Electric Water Gun - Orange,Dual Electric Water Gun - Orange,Dual Electric Water Gun - Orange,Others,Sports & Active Play,NEW BOUNCE,,786138806959,786138806959,,,,,,,,,,,,,,,,,,,17,8,4,,2,,,,,,,,,,,,,,,,,,
,3169-G,Electric Water Gun - Green,Electric Water Gun - Green,Electric Water Gun - Green,Electric Water Gun - Green,Others,Sports & Active Play,NEW BOUNCE,,786138806980,786138806980,,,,,,,,,,,,,,,,,,,17,7,3,,1,,,,,,,,,,,,,,,,,,
,3169-O,Electric Water Gun - Orange,Electric Water Gun - Orange,Electric Water Gun - Orange,Electric Water Gun - Orange,Others,Sports & Active Play,NEW BOUNCE,,786138806973,786138806973,,,,,,,,,,,,,,,,,,,18,7,3,,1,,,,,,,,,,,,,,,,,,
,3171-G,Electric Bumper Car - White,Electric Bumper Car - White,Electric Bumper Car - White,Electric Bumper Car - White,Others,Sports & Active Play,NEW BOUNCE,,786138807345,786138807345,,,,,,,,,,,,,,,,,,,30,19,10,,18,,,,,,,,,,,,,,,,,,
,3171-R,Electric Bumper Car - Red,Electric Bumper Car - Red,Electric Bumper Car - Red,Electric Bumper Car - Red,Others,Sports & Active Play,NEW BOUNCE,,786138807338,786138807338,,,,,,,,,,,,,,,,,,,30,19,10,,17,,,,,,,,,,,,,,,,,,
,3171-W,Electric Bumper Car - Green,Electric Bumper Car - Green,Electric Bumper Car - Green,Electric Bumper Car - Green,Others,Sports & Active Play,NEW BOUNCE,,786138807352,786138807352,,,,,,,,,,,,,,,,,,,30,19,10,,18,,,,,,,,,,,,,,,,,,