UPC Code,Picture,Number,Name(Zh),Name(En),Name(Es),Name(It),Category,Department,Custom Category,Brand,Custom Brand,UPC Code,Origin(UPC),Description,IPK Code,Origin(IPK),Case Code,Origin(Case),Craft(Zh),Craft(En),Craft(Es),Craft(It),Case Rate,Case Length(ft),Case Width(ft),Case Height(ft),Case Cube(ft³),Case Weight(lb),Layer Rate(Case),Pallet Rate(Case),IPK Rate,IPK Length(ft),IPK Width(ft),IPK Height(ft),IPK Cube(ft³),IPK Weight(lb),Layer Rate(IPK),Pallet Rate(IPK),Dozen Rate,Dozen Length(ft),Dozen Width(ft),Dozen Height(ft),Dozen Cube(ft³),Dozen Weight(lb),Layer Rate(Dozen),Pallet Rate(Dozen),Piece Length(ft),Piece Width(ft),Piece Height(ft),Piece Cube(ft³),Piece Weight(lb),Layer Rate(Piece),Pallet Rate(Piece),Future Sale Manage Rate
786138701759,,3110,SCRATCH SHEETS 8.3 X 5.8,SCRATCH SHEETS 8.3 X 5.8,SCRATCH SHEETS 8.3 X 5.8,SCRATCH SHEETS 8.3 X 5.8,Others,Arts & Crafts,Painting & Coloring,PLAYKIDIZ ,PLAYKIDIZ ,786138701759,,,,,,,,,,,,,,,,,,,,,,,,,,,,,,,,,,,,,,,,,,
786138704644,,3344,Lacing kit Bucket,Lacing kit Bucket,Lacing kit Bucket,Lacing kit Bucket,Others,Arts & Crafts,Craft Kits Beads & DIY,PLAYKIDIZ ,PLAYKIDIZ ,786138704644,,,,,,,,,,,,,,,,,,,,,,,,,,,,,,,,,,,,,,,,,,
786138701155,,1327,Color pop Jr.,Color pop Jr.,Color pop Jr.,Color pop Jr.,Others,Arts & Crafts,Craft Kits Beads & DIY,PLAYKIDIZ ,PLAYKIDIZ ,786138701155,,,,,,,,,,,,,,,,,,,,,,,,,,,,,,,,,,,,,,,,,,
786138705399,,3135,12 Pc Paint Sticks Classic Colors,12 Pc Paint Sticks Classic Colors,12 Pc Paint Sticks Classic Colors,12 Pc Paint Sticks Classic Colors,Others,Arts & Crafts,Painting & Coloring,PLAYKIDIZ ,PLAYKIDIZ ,786138705399,,,,,,,,,,,,,,,,,,,,,,,,,,,,,,,,,,,,,,,,,,
786138705474,,PK-3143,6 Pc 3D Puff Paint Classic Colors,6 Pc 3D Puff Paint Classic Colors,6 Pc 3D Puff Paint Classic Colors,6 Pc 3D Puff Paint Classic Colors,Others,Arts & Crafts,Painting & Coloring,PLAYKIDIZ ,PLAYKIDIZ ,786138705474,,,,,,,,,,,,,,,,,,,,,,,,,,,,,,,,,,,,,,,,,,
786138701933,,Item 3123,"7,000 Water Beads Kit","7,000 Water Beads Kit","7,000 Water Beads Kit","7,000 Water Beads Kit",Others,Arts & Crafts,Modeling & Play-Doh,PLAYKIDIZ ,PLAYKIDIZ ,786138701933,,,,,,,,,,,,,,,,,,,,,,,,,,,,,,,,,,,,,,,,,,
786138705405,,3136,12 Piece Paint Sticks - Neon Matellic,12 Piece Paint Sticks - Neon Matellic,12 Piece Paint Sticks - Neon Matellic,12 Piece Paint Sticks - Neon Matellic,Others,Arts & Crafts,Painting & Coloring,PLAYKIDIZ ,PLAYKIDIZ ,786138705405,,,,,,,,,,,,,,,,,,,,,,,,,,,,,,,,,,,,,,,,,,
786138705481,,PK-3144,6 Pc 3D Puff Paint - Neon,6 Pc 3D Puff Paint - Neon,6 Pc 3D Puff Paint - Neon,6 Pc 3D Puff Paint - Neon,Others,Arts & Crafts,Painting & Coloring,PLAYKIDIZ ,PLAYKIDIZ ,786138705481,,,,,,,,,,,,,,,,,,,,,,,,,,,,,,,,,,,,,,,,,,
786138701735,,3108,SCRATCH NOTES HOLOGRAPHIC RAINBOW,SCRATCH NOTES HOLOGRAPHIC RAINBOW,SCRATCH NOTES HOLOGRAPHIC RAINBOW,SCRATCH NOTES HOLOGRAPHIC RAINBOW,Others,Arts & Crafts,Painting & Coloring,PLAYKIDIZ ,PLAYKIDIZ ,786138701735,,,,,,,,,,,,,,,,,,,,,,,,,,,,,,,,,,,,,,,,,,
786138705450,,PK-3141,12Pk Puff Paint Classic Colors,12Pk Puff Paint Classic Colors,12Pk Puff Paint Classic Colors,12Pk Puff Paint Classic Colors,Others,Arts & Crafts,Painting & Coloring,PLAYKIDIZ ,PLAYKIDIZ ,786138705450,,,,,,,,,,,,,,,,,,,,,,,,,,,,,,,,,,,,,,,,,,
786138704620,,PK-3342,String a Picture,String a Picture,String a Picture,String a Picture,Others,Arts & Crafts,Craft Kits Beads & DIY,PLAYKIDIZ ,PLAYKIDIZ ,786138704620,,,,,,,,,,,,,,,,,,,,,,,,,,,,,,,,,,,,,,,,,,
786138705412,,3137,6 Pc Paint Sticks Classic Colors,6 Pc Paint Sticks Classic Colors,6 Pc Paint Sticks Classic Colors,6 Pc Paint Sticks Classic Colors,Others,Arts & Crafts,Painting & Coloring,PLAYKIDIZ ,PLAYKIDIZ ,786138705412,,,,,,,,,,,,,,,,,,,,,,,,,,,,,,,,,,,,,,,,,,
786138701049,,3104,Colorate Junior,Colorate Junior,Colorate Junior,Colorate Junior,Others,Arts & Crafts,Painting & Coloring,PLAYKIDIZ ,PLAYKIDIZ ,786138701049,,,,,,,,,,,,,,,,,,,,,,,,,,,,,,,,,,,,,,,,,,
786138701308,,PK-3202,PlayKidiz Color Doodler,PlayKidiz Color Doodler,PlayKidiz Color Doodler,PlayKidiz Color Doodler,Others,Arts & Crafts,Painting & Coloring,PLAYKIDIZ ,PLAYKIDIZ ,786138701308,,,,,,,,,,,,,,,,,,,,,,,,,,,,,,,,,,,,,,,,,,
786138705511,,PK-3147,18 Pc Washable Tempera Paint W 5 Brushes,18 Pc Washable Tempera Paint W 5 Brushes,18 Pc Washable Tempera Paint W 5 Brushes,18 Pc Washable Tempera Paint W 5 Brushes,Others,Arts & Crafts,Painting & Coloring,PLAYKIDIZ ,PLAYKIDIZ ,786138705511,,,,,,,,,,,,,,,,,,,,,,,,,,,,,,,,,,,,,,,,,,
786138706266,,PK-3150,Kids Smock - Medium (Blue Variation),Kids Smock - Medium (Blue Variation),Kids Smock - Medium (Blue Variation),Kids Smock - Medium (Blue Variation),Others,Arts & Crafts,Painting & Coloring,PLAYKIDIZ ,PLAYKIDIZ ,786138706266,,,,,,,,,,,,,,,,,,,,,,,,,,,,,,,,,,,,,,,,,,
786138701742,,3109 LARGE,SCRATCH SHEETS 8X12,SCRATCH SHEETS 8X12,SCRATCH SHEETS 8X12,SCRATCH SHEETS 8X12,Others,Arts & Crafts,Painting & Coloring,PLAYKIDIZ ,PLAYKIDIZ ,786138701742,,,,,,,,,,,,,,,,,,,,,,,,,,,,,,,,,,,,,,,,,,
786138701032,,3103,DOUBLE SIDED EASEL,DOUBLE SIDED EASEL,DOUBLE SIDED EASEL,DOUBLE SIDED EASEL,Others,Arts & Crafts,Painting & Coloring,PLAYKIDIZ ,PLAYKIDIZ ,786138701032,,,,,,,,,,,,,,,,,,,,,,,,,,,,,,,,,,,,,,,,,,
786138705429,,PK-3138,6 Pc Paint Sticks - Neon,6 Pc Paint Sticks - Neon,6 Pc Paint Sticks - Neon,6 Pc Paint Sticks - Neon,Others,Arts & Crafts,Painting & Coloring,PLAYKIDIZ ,PLAYKIDIZ ,786138705429,,,,,,,,,,,,,,,,,,,,,,,,,,,,,,,,,,,,,,,,,,
786138705504,,PK-3146,6 Pc 3D Puff Paint - Matellic,6 Pc 3D Puff Paint - Matellic,6 Pc 3D Puff Paint - Matellic,6 Pc 3D Puff Paint - Matellic,Others,Arts & Crafts,Painting & Coloring,PLAYKIDIZ ,PLAYKIDIZ ,786138705504,,,,,,,,,,,,,,,,,,,,,,,,,,,,,,,,,,,,,,,,,,
786138706259,,PK-3149,Kids Smock - Small,Kids Smock - Small,Kids Smock - Small,Kids Smock - Small,Others,Arts & Crafts,Painting & Coloring,PLAYKIDIZ ,PLAYKIDIZ ,786138706259,,,,,,,,,,,,,,,,,,,,,,,,,,,,,,,,,,,,,,,,,,
786138701056,,3105,Colorate,Colorate,Colorate,Colorate,Others,Arts & Crafts,Painting & Coloring,PLAYKIDIZ ,PLAYKIDIZ ,786138701056,,,,,,,,,,,,,,,,,,,,,,,,,,,,,,,,,,,,,,,,,,
786138701315,,3203,COLOR DOODLER DELUXE SET,COLOR DOODLER DELUXE SET,COLOR DOODLER DELUXE SET,COLOR DOODLER DELUXE SET,Others,Arts & Crafts,Painting & Coloring,PLAYKIDIZ ,PLAYKIDIZ ,786138701315,,,,,,,,,,,,,,,,,,,,,,,,,,,,,,,,,,,,,,,,,,
786138704255,,3134,SPIRAL DRAW,SPIRAL DRAW,SPIRAL DRAW,SPIRAL DRAW,Others,Arts & Crafts,Craft Kits Beads & DIY,PLAYKIDIZ ,PLAYKIDIZ ,786138704255,,,,,,,,,,,,,,,,,,,,,,,,,,,,,,,,,,,,,,,,,,
786138705443,,PK-3140,24 Pc 3D Puffy Paint All Colors,24 Pc 3D Puffy Paint All Colors,24 Pc 3D Puffy Paint All Colors,24 Pc 3D Puffy Paint All Colors,Others,Arts & Crafts,Painting & Coloring,PLAYKIDIZ ,PLAYKIDIZ ,786138705443,,,,,,,,,,,,,,,,,,,,,,,,,,,,,,,,,,,,,,,,,,
786138705528,,3152 PK-3148,12 Pc Washable Tempera Paint Tubes,12 Pc Washable Tempera Paint Tubes,12 Pc Washable Tempera Paint Tubes,12 Pc Washable Tempera Paint Tubes,Others,Arts & Crafts,Painting & Coloring,PLAYKIDIZ ,PLAYKIDIZ ,786138705528,,,,,,,,,,,,,,,,,,,,,,,,,,,,,,,,,,,,,,,,,,
786138706273,,PK-3151,Kids Smock - Medium (Pink Variation),Kids Smock - Medium (Pink Variation),Kids Smock - Medium (Pink Variation),Kids Smock - Medium (Pink Variation),Others,Arts & Crafts,Painting & Coloring,PLAYKIDIZ ,PLAYKIDIZ ,786138706273,,,,,,,,,,,,,,,,,,,,,,,,,,,,,,,,,,,,,,,,,,
086138804116,,3101,SCRATCH MAGIC NOTES,SCRATCH MAGIC NOTES,SCRATCH MAGIC NOTES,SCRATCH MAGIC NOTES,Others,Arts & Crafts,Painting & Coloring,PLAYKIDIZ ,PLAYKIDIZ ,086138804116,,,,,,,,,,,,,,,,,,,,,,,,,,,,,,,,,,,,,,,,,,
086138804123,,3102,SCRATCH NOTES HOLOGRAPHIC NOTES,SCRATCH NOTES HOLOGRAPHIC NOTES,SCRATCH NOTES HOLOGRAPHIC NOTES,SCRATCH NOTES HOLOGRAPHIC NOTES,Others,Arts & Crafts,Painting & Coloring,PLAYKIDIZ ,PLAYKIDIZ ,086138804123,,,,,,,,,,,,,,,,,,,,,,,,,,,,,,,,,,,,,,,,,,
786138706600,,3152,Deluxe Kids Paint Set,Deluxe Kids Paint Set,Deluxe Kids Paint Set,Deluxe Kids Paint Set,Others,Arts & Crafts,Painting & Coloring,PLAYKIDIZ ,PLAYKIDIZ ,786138706600,,,,,,,,,,,,,,,,,,,,,,,,,,,,,,,,,,,,,,,,,,
786138706617,,PK-3153,Washable Dot Markers 12 Pack,Washable Dot Markers 12 Pack,Washable Dot Markers 12 Pack,Washable Dot Markers 12 Pack,Others,Arts & Crafts,Painting & Coloring,PLAYKIDIZ ,PLAYKIDIZ ,786138706617,,,,,,,,,,,,,,,,,,,,,,,,,,,,,,,,,,,,,,,,,,
786138706624,,PK-3154,25 Pc. Kids Paint Brushes,25 Pc. Kids Paint Brushes,25 Pc. Kids Paint Brushes,25 Pc. Kids Paint Brushes,Others,Arts & Crafts,Painting & Coloring,PLAYKIDIZ ,PLAYKIDIZ ,786138706624,,,,,,,,,,,,,,,,,,,,,,,,,,,,,,,,,,,,,,,,,,
786138706631,,PK-3155,12 Pc. Squeezable Paint Brush,12 Pc. Squeezable Paint Brush,12 Pc. Squeezable Paint Brush,12 Pc. Squeezable Paint Brush,Others,Arts & Crafts,Painting & Coloring,PLAYKIDIZ ,PLAYKIDIZ ,786138706631,,,,,,,,,,,,,,,,,,,,,,,,,,,,,,,,,,,,,,,,,,
786138706648,,PK-3156,Rainbow Watercolor Paint Set,Rainbow Watercolor Paint Set,Rainbow Watercolor Paint Set,Rainbow Watercolor Paint Set,Others,Arts & Crafts,Painting & Coloring,PLAYKIDIZ ,PLAYKIDIZ ,786138706648,,,,,,,,,,,,,,,,,,,,,,,,,,,,,,,,,,,,,,,,,,
786138706983,,D-3160,Make Your Own Dino Soap,Make Your Own Dino Soap,Make Your Own Dino Soap,Make Your Own Dino Soap,Others,Arts & Crafts,Craft Kits Beads & DIY,PLAYKIDIZ ,PLAYKIDIZ ,786138706983,,,,,,,,,,,,,,,,,,,,,,,,,,,,,,,,,,,,,,,,,,
786138706990,,D-3161,Make Your Own Animal Soap,Make Your Own Animal Soap,Make Your Own Animal Soap,Make Your Own Animal Soap,Others,Arts & Crafts,Craft Kits Beads & DIY,PLAYKIDIZ ,PLAYKIDIZ ,786138706990,,,,,,,,,,,,,,,,,,,,,,,,,,,,,,,,,,,,,,,,,,
786138701841,,PK-3114,MODELING CLAY 10 COLORS,MODELING CLAY 10 COLORS,MODELING CLAY 10 COLORS,MODELING CLAY 10 COLORS,Arts & Crafts ,Arts & Crafts,Modeling & Play-Doh,PLAYKIDIZ ,PLAYKIDIZ ,786138701841,,,,,,,,,,,,,,,,,,,,,,,,,,,,,,,,,,,,,,,,,,
786138701926,,3133,MODELING CLAY CONSTRUCTION TRUCKS,MODELING CLAY CONSTRUCTION TRUCKS,MODELING CLAY CONSTRUCTION TRUCKS,MODELING CLAY CONSTRUCTION TRUCKS,Arts & Crafts ,Arts & Crafts,Modeling & Play-Doh,PLAYKIDIZ ,PLAYKIDIZ ,786138701926,,,,,,,,,,,,,,,,,,,,,,,,,,,,,,,,,,,,,,,,,,
786138702084,,3130,MODELING CLAY NEON,MODELING CLAY NEON,MODELING CLAY NEON,MODELING CLAY NEON,Arts & Crafts ,Arts & Crafts,Modeling & Play-Doh,PLAYKIDIZ ,PLAYKIDIZ ,786138702084,,,,,,,,,,,,,,,,,,,,,,,,,,,,,,,,,,,,,,,,,,
786138702381,,PK-3284,FUNFLUFF 5 COLORS BUCKET,FUNFLUFF 5 COLORS BUCKET,FUNFLUFF 5 COLORS BUCKET,FUNFLUFF 5 COLORS BUCKET,Arts & Crafts ,Arts & Crafts,Modeling & Play-Doh,PLAYKIDIZ ,PLAYKIDIZ ,786138702381,,,,,,,,,,,,,,,,,,,,,,,,,,,,,,,,,,,,,,,,,,
786138701858,,PK-3115,MODELING CLAY 8 COLORS,MODELING CLAY 8 COLORS,MODELING CLAY 8 COLORS,MODELING CLAY 8 COLORS,Arts & Crafts ,Arts & Crafts,Modeling & Play-Doh,PLAYKIDIZ ,PLAYKIDIZ ,786138701858,,,,,,,,,,,,,,,,,,,,,,,,,,,,,,,,,,,,,,,,,,
786138702091,,3131,MODELING CLAY IN CLEAR BOX,MODELING CLAY IN CLEAR BOX,MODELING CLAY IN CLEAR BOX,MODELING CLAY IN CLEAR BOX,Arts & Crafts ,Arts & Crafts,Modeling & Play-Doh,PLAYKIDIZ ,PLAYKIDIZ ,786138702091,,,,,,,,,,,,,,,,,,,,,,,,,,,,,,,,,,,,,,,,,,
786138701827,,3112,MODELING CLAY TRANSPORTER SET,MODELING CLAY TRANSPORTER SET,MODELING CLAY TRANSPORTER SET,MODELING CLAY TRANSPORTER SET,Arts & Crafts ,Arts & Crafts,Modeling & Play-Doh,PLAYKIDIZ ,PLAYKIDIZ ,786138701827,,,,,,,,,,,,,,,,,,,,,,,,,,,,,,,,,,,,,,,,,,
786138701902,,3133,MODELING CLAY FRUIT SHOP,MODELING CLAY FRUIT SHOP,MODELING CLAY FRUIT SHOP,MODELING CLAY FRUIT SHOP,Arts & Crafts ,Arts & Crafts,Modeling & Play-Doh,PLAYKIDIZ ,PLAYKIDIZ ,786138701902,,,,,,,,,,,,,,,,,,,,,,,,,,,,,,,,,,,,,,,,,,
786138702060,,3128,MODELING CLAY NEON 12 COLORS,MODELING CLAY NEON 12 COLORS,MODELING CLAY NEON 12 COLORS,MODELING CLAY NEON 12 COLORS,Arts & Crafts ,Arts & Crafts,Modeling & Play-Doh,PLAYKIDIZ ,PLAYKIDIZ ,786138702060,,,,,,,,,,,,,,,,,,,,,,,,,,,,,,,,,,,,,,,,,,
786138701865,,3116,MODELING CLAY 8 COLORS,MODELING CLAY 8 COLORS,MODELING CLAY 8 COLORS,MODELING CLAY 8 COLORS,Arts & Crafts ,Arts & Crafts,Modeling & Play-Doh,PLAYKIDIZ ,PLAYKIDIZ ,786138701865,,,,,,,,,,,,,,,,,,,,,,,,,,,,,,,,,,,,,,,,,,
786138701889,,3132,MODELING CLAY BBQ,MODELING CLAY BBQ,MODELING CLAY BBQ,MODELING CLAY BBQ,Arts & Crafts ,Arts & Crafts,Modeling & Play-Doh,PLAYKIDIZ ,PLAYKIDIZ ,786138701889,,,,,,,,,,,,,,,,,,,,,,,,,,,,,,,,,,,,,,,,,,
786138701834,,PK-3113,MODELING CLAY 4 PRIMARY COLORS,MODELING CLAY 4 PRIMARY COLORS,MODELING CLAY 4 PRIMARY COLORS,MODELING CLAY 4 PRIMARY COLORS,Arts & Crafts ,Arts & Crafts,Modeling & Play-Doh,PLAYKIDIZ ,PLAYKIDIZ ,786138701834,,,,,,,,,,,,,,,,,,,,,,,,,,,,,,,,,,,,,,,,,,
786138701919,,3133,MODELING CLAY AMERICAN FOOD,MODELING CLAY AMERICAN FOOD,MODELING CLAY AMERICAN FOOD,MODELING CLAY AMERICAN FOOD,Arts & Crafts ,Arts & Crafts,Modeling & Play-Doh,PLAYKIDIZ ,PLAYKIDIZ ,786138701919,,,,,,,,,,,,,,,,,,,,,,,,,,,,,,,,,,,,,,,,,,
786138702077,,3129,MODELING CLAY,MODELING CLAY,MODELING CLAY,MODELING CLAY,Arts & Crafts ,Arts & Crafts,Modeling & Play-Doh,PLAYKIDIZ ,PLAYKIDIZ ,786138702077,,,,,,,,,,,,,,,,,,,,,,,,,,,,,,,,,,,,,,,,,,
786138701872,,3117,MODELING CLAY TOOLS SET,MODELING CLAY TOOLS SET,MODELING CLAY TOOLS SET,MODELING CLAY TOOLS SET,Arts & Crafts ,Arts & Crafts,Modeling & Play-Doh,PLAYKIDIZ ,PLAYKIDIZ ,786138701872,,,,,,,,,,,,,,,,,,,,,,,,,,,,,,,,,,,,,,,,,,
786138701810,,3111,MODELING CLAY 12 COLORS,MODELING CLAY 12 COLORS,MODELING CLAY 12 COLORS,MODELING CLAY 12 COLORS,Arts & Crafts ,Arts & Crafts,Modeling & Play-Doh,PLAYKIDIZ ,PLAYKIDIZ ,786138701810,,,,,,,,,,,,,,,,,,,,,,,,,,,,,,,,,,,,,,,,,,
786138701896,,3132,MODELING CLAY ICE CREAM,MODELING CLAY ICE CREAM,MODELING CLAY ICE CREAM,MODELING CLAY ICE CREAM,Arts & Crafts ,Arts & Crafts,Modeling & Play-Doh,PLAYKIDIZ ,PLAYKIDIZ ,786138701896,,,,,,,,,,,,,,,,,,,,,,,,,,,,,,,,,,,,,,,,,,
786138702404,,3286 -(3285 SET OF 12),FUNFLUFF SAND BOTTLE,FUNFLUFF SAND BOTTLE,FUNFLUFF SAND BOTTLE,FUNFLUFF SAND BOTTLE,$1.29 Prizes,Arts & Crafts,Modeling & Play-Doh,PLAYKIDIZ ,PLAYKIDIZ ,786138702404,,,,,,,,,,,,,,,,,,,,,,,,,,,,,,,,,,,,,,,,,,
086138804277,,3235,DRAW BOARD,DRAW BOARD,DRAW BOARD,DRAW BOARD,$1.29 Prizes,Arts & Crafts,Painting & Coloring,PLAYKIDIZ ,PLAYKIDIZ ,086138804277,,,,,,,,,,,,,,,,,,,,,,,,,,,,,,,,,,,,,,,,,,
786138702718,,3289,BATH CROC CUPS,BATH CROC CUPS,BATH CROC CUPS,BATH CROC CUPS,Others,Baby & Toddler Toys,Bath & Water Play,PLAYKIDIZ ,PLAYKIDIZ ,786138702718,,,,,,,,,,,,,,,,,,,,,,,,,,,,,,,,,,,,,,,,,,
786138702015,,PK-3214,ROLLING RATTLE BALLS,ROLLING RATTLE BALLS,ROLLING RATTLE BALLS,ROLLING RATTLE BALLS,Others,Baby & Toddler Toys,"Music, Sound & Sensory",PLAYKIDIZ ,PLAYKIDIZ ,786138702015,,,,,,,,,,,,,,,,,,,,,,,,,,,,,,,,,,,,,,,,,,
786138702725,,3290,BATH BOATS 3 PC SET,BATH BOATS 3 PC SET,BATH BOATS 3 PC SET,BATH BOATS 3 PC SET,Others,Baby & Toddler Toys,Bath & Water Play,PLAYKIDIZ ,PLAYKIDIZ ,786138702725,,,,,,,,,,,,,,,,,,,,,,,,,,,,,,,,,,,,,,,,,,
086138106821,,3007,"SENSORY BALLS 2.5""","SENSORY BALLS 2.5""","SENSORY BALLS 2.5""","SENSORY BALLS 2.5""",Others,Baby & Toddler Toys,"Music, Sound & Sensory",PLAYKIDIZ ,PLAYKIDIZ ,086138106821,,,,,,,,,,,,,,,,,,,,,,,,,,,,,,,,,,,,,,,,,,
086138802242,,3029,SENSORY TOYS,SENSORY TOYS,SENSORY TOYS,SENSORY TOYS,Others,Baby & Toddler Toys,"Music, Sound & Sensory",PLAYKIDIZ ,PLAYKIDIZ ,086138802242,,,,,,,,,,,,,,,,,,,,,,,,,,,,,,,,,,,,,,,,,,
786138700905,,PK-3097,RING STACKER BUS,RING STACKER BUS,RING STACKER BUS,RING STACKER BUS,Others,Baby & Toddler Toys,Early Learning & Development,PLAYKIDIZ ,PLAYKIDIZ ,786138700905,,,,,,,,,,,,,,,,,,,,,,,,,,,,,,,,,,,,,,,,,,
786138702695,,3287,Ferris Wheel Suction Toy,Ferris Wheel Suction Toy,Ferris Wheel Suction Toy,Ferris Wheel Suction Toy,Others,Baby & Toddler Toys,Early Learning & Development,PLAYKIDIZ ,PLAYKIDIZ ,786138702695,,,,,,,,,,,,,,,,,,,,,,,,,,,,,,,,,,,,,,,,,,
786138702732,,3291,CUP STACKER,CUP STACKER,CUP STACKER,CUP STACKER,Others,Baby & Toddler Toys,Early Learning & Development,PLAYKIDIZ ,PLAYKIDIZ ,786138702732,,,,,,,,,,,,,,,,,,,,,,,,,,,,,,,,,,,,,,,,,,
786138700882,,PK-3095,PLAYKIDZ SHAPE SORTER,PLAYKIDZ SHAPE SORTER,PLAYKIDZ SHAPE SORTER,PLAYKIDZ SHAPE SORTER,Others,Baby & Toddler Toys,Early Learning & Development,PLAYKIDIZ ,PLAYKIDIZ ,786138700882,,,,,,,,,,,,,,,,,,,,,,,,,,,,,,,,,,,,,,,,,,
786138702046,,3217,BALL SPINNER,BALL SPINNER,BALL SPINNER,BALL SPINNER,Others,Baby & Toddler Toys,"Music, Sound & Sensory",PLAYKIDIZ ,PLAYKIDIZ ,786138702046,,,,,,,,,,,,,,,,,,,,,,,,,,,,,,,,,,,,,,,,,,
086138106791,,PK-3004,POUND A BALL,POUND A BALL,POUND A BALL,POUND A BALL,Others,Baby & Toddler Toys,Early Learning & Development,PLAYKIDIZ ,PLAYKIDIZ ,086138106791,,,,,,,,,,,,,,,,,,,,,,,,,,,,,,,,,,,,,,,,,,
086138800057,,PK-3014,SEA WORLD WATER MAT,SEA WORLD WATER MAT,SEA WORLD WATER MAT,SEA WORLD WATER MAT,Others,Baby & Toddler Toys,Activity & Ride-On Toys,PLAYKIDIZ ,PLAYKIDIZ ,086138800057,,,,,,,,,,,,,,,,,,,,,,,,,,,,,,,,,,,,,,,,,,
786138705054,,3357,PLAYKIDIZ BOOSTER SEAT,PLAYKIDIZ BOOSTER SEAT,PLAYKIDIZ BOOSTER SEAT,PLAYKIDIZ BOOSTER SEAT,Others,Baby & Toddler Toys,Activity & Ride-On Toys,PLAYKIDIZ ,PLAYKIDIZ ,786138705054,,,,,,,,,,,,,,,,,,,,,,,,,,,,,,,,,,,,,,,,,,
786138707249,,PK-3457,Baby & Toddler Toys Potty,Baby & Toddler Toys Potty,Baby & Toddler Toys Potty,Baby & Toddler Toys Potty,Others,Baby & Toddler Toys,Activity & Ride-On Toys,PLAYKIDIZ ,PLAYKIDIZ ,786138707249,,,,,,,,,,,,,,,,,,,,,,,,,,,,,,,,,,,,,,,,,,
786138707720,,YW241604,Shape Matching Eggs,Shape Matching Eggs,Shape Matching Eggs,Shape Matching Eggs,Others,Baby & Toddler Toys,Early Learning & Development,PLAYKIDIZ ,PLAYKIDIZ ,786138707720,,,,,,,,,,,,,,,,,,,,,,,,,,,,,,,,,,,,,,,,,,
786138708208,,PK-3480,Phone & car keys set,Phone & car keys set,Phone & car keys set,Phone & car keys set,Others,Baby & Toddler Toys,Early Learning & Development,PLAYKIDIZ ,PLAYKIDIZ ,786138708208,,,,,,,,,,,,,,,,,,,,,,,,,,,,,,,,,,,,,,,,,,
786138708215,,PK-3481,Car Keys,Car Keys,Car Keys,Car Keys,Others,Baby & Toddler Toys,Early Learning & Development,PLAYKIDIZ ,PLAYKIDIZ ,786138708215,,,,,,,,,,,,,,,,,,,,,,,,,,,,,,,,,,,,,,,,,,
786138708390,,3482,Ball Drop,Ball Drop,Ball Drop,Ball Drop,Others,Baby & Toddler Toys,Early Learning & Development,PLAYKIDIZ ,PLAYKIDIZ ,786138708390,,,,,,,,,,,,,,,,,,,,,,,,,,,,,,,,,,,,,,,,,,
786138708406,,PK-3483,Baby & Toddler Toys SHAPE SORTER SCHOOL BUS,Baby & Toddler Toys SHAPE SORTER SCHOOL BUS,Baby & Toddler Toys SHAPE SORTER SCHOOL BUS,Baby & Toddler Toys SHAPE SORTER SCHOOL BUS,Others,Baby & Toddler Toys,Early Learning & Development,PLAYKIDIZ ,PLAYKIDIZ ,786138708406,,,,,,,,,,,,,,,,,,,,,,,,,,,,,,,,,,,,,,,,,,
786138708468,,3489,Rainbow stacking Trio set,Rainbow stacking Trio set,Rainbow stacking Trio set,Rainbow stacking Trio set,Others,Baby & Toddler Toys,Early Learning & Development,PLAYKIDIZ ,PLAYKIDIZ ,786138708468,,,,,,,,,,,,,,,,,,,,,,,,,,,,,,,,,,,,,,,,,,
786138708475,,PK-3490,Connect a Fruit And Vegetable,Connect a Fruit And Vegetable,Connect a Fruit And Vegetable,Connect a Fruit And Vegetable,Others,Baby & Toddler Toys,Early Learning & Development,PLAYKIDIZ ,PLAYKIDIZ ,786138708475,,,,,,,,,,,,,,,,,,,,,,,,,,,,,,,,,,,,,,,,,,
786138708505,,3493,10 in 1 Activity Toy,10 in 1 Activity Toy,10 in 1 Activity Toy,10 in 1 Activity Toy,Others,Baby & Toddler Toys,Early Learning & Development,PLAYKIDIZ ,PLAYKIDIZ ,786138708505,,,,,,,,,,,,,,,,,,,,,,,,,,,,,,,,,,,,,,,,,,
786138708512,,3494,Musical Shape Shorter,Musical Shape Shorter,Musical Shape Shorter,Musical Shape Shorter,Others,Baby & Toddler Toys,"Music, Sound & Sensory",PLAYKIDIZ ,PLAYKIDIZ ,786138708512,,,,,,,,,,,,,,,,,,,,,,,,,,,,,,,,,,,,,,,,,,
786138708529,,PK-3495,Sensory Rattle Ball,Sensory Rattle Ball,Sensory Rattle Ball,Sensory Rattle Ball,Others,Baby & Toddler Toys,"Music, Sound & Sensory",PLAYKIDIZ ,PLAYKIDIZ ,786138708529,,,,,,,,,,,,,,,,,,,,,,,,,,,,,,,,,,,,,,,,,,
786138708536,,3496,Squishy Rattle ball,Squishy Rattle ball,Squishy Rattle ball,Squishy Rattle ball,Others,Baby & Toddler Toys,"Music, Sound & Sensory",PLAYKIDIZ ,PLAYKIDIZ ,786138708536,,,,,,,,,,,,,,,,,,,,,,,,,,,,,,,,,,,,,,,,,,
786138708543,,3497,Pop Up Animals,Pop Up Animals,Pop Up Animals,Pop Up Animals,Others,Baby & Toddler Toys,Early Learning & Development,PLAYKIDIZ ,PLAYKIDIZ ,786138708543,,,,,,,,,,,,,,,,,,,,,,,,,,,,,,,,,,,,,,,,,,
786138708550,,3498,Pop Up Vehicles,Pop Up Vehicles,Pop Up Vehicles,Pop Up Vehicles,Others,Baby & Toddler Toys,Early Learning & Development,PLAYKIDIZ ,PLAYKIDIZ ,786138708550,,,,,,,,,,,,,,,,,,,,,,,,,,,,,,,,,,,,,,,,,,
786138708567,,PK-3499,Pound A Ball Shape sorter,Pound A Ball Shape sorter,Pound A Ball Shape sorter,Pound A Ball Shape sorter,Others,Baby & Toddler Toys,Early Learning & Development,PLAYKIDIZ ,PLAYKIDIZ ,786138708567,,,,,,,,,,,,,,,,,,,,,,,,,,,,,,,,,,,,,,,,,,
786138708574,,3500,Sensory Activity ball,Sensory Activity ball,Sensory Activity ball,Sensory Activity ball,Others,Baby & Toddler Toys,"Music, Sound & Sensory",PLAYKIDIZ ,PLAYKIDIZ ,786138708574,,,,,,,,,,,,,,,,,,,,,,,,,,,,,,,,,,,,,,,,,,
786138708581,,3501,Clip On Mobile with Music,Clip On Mobile with Music,Clip On Mobile with Music,Clip On Mobile with Music,Others,Baby & Toddler Toys,"Music, Sound & Sensory",PLAYKIDIZ ,PLAYKIDIZ ,786138708581,,,,,,,,,,,,,,,,,,,,,,,,,,,,,,,,,,,,,,,,,,
786138708598,,PK-3502,Stroller Arch,Stroller Arch,Stroller Arch,Stroller Arch,Others,Baby & Toddler Toys,Activity & Ride-On Toys,PLAYKIDIZ ,PLAYKIDIZ ,786138708598,,,,,,,,,,,,,,,,,,,,,,,,,,,,,,,,,,,,,,,,,,
786138708604,,3503,Ring Stacker,Ring Stacker,Ring Stacker,Ring Stacker,Others,Baby & Toddler Toys,Early Learning & Development,PLAYKIDIZ ,PLAYKIDIZ ,786138708604,,,,,,,,,,,,,,,,,,,,,,,,,,,,,,,,,,,,,,,,,,
786138708611,,3504,Pound A Drum,Pound A Drum,Pound A Drum,Pound A Drum,Others,Baby & Toddler Toys,"Music, Sound & Sensory",PLAYKIDIZ ,PLAYKIDIZ ,786138708611,,,,,,,,,,,,,,,,,,,,,,,,,,,,,,,,,,,,,,,,,,
786138708628,,3505,Grand Ball Drop,Grand Ball Drop,Grand Ball Drop,Grand Ball Drop,Others,Baby & Toddler Toys,Early Learning & Development,PLAYKIDIZ ,PLAYKIDIZ ,786138708628,,,,,,,,,,,,,,,,,,,,,,,,,,,,,,,,,,,,,,,,,,
786138708635,,3506,Twist Stacker,Twist Stacker,Twist Stacker,Twist Stacker,Others,Baby & Toddler Toys,Early Learning & Development,PLAYKIDIZ ,PLAYKIDIZ ,786138708635,,,,,,,,,,,,,,,,,,,,,,,,,,,,,,,,,,,,,,,,,,
786138708642,,PK-3507,Shape Caddy,Shape Caddy,Shape Caddy,Shape Caddy,Others,Baby & Toddler Toys,Early Learning & Development,PLAYKIDIZ ,PLAYKIDIZ ,786138708642,,,,,,,,,,,,,,,,,,,,,,,,,,,,,,,,,,,,,,,,,,
786138708659,,3508,Deluxe Shape Caddy,Deluxe Shape Caddy,Deluxe Shape Caddy,Deluxe Shape Caddy,Others,Baby & Toddler Toys,Early Learning & Development,PLAYKIDIZ ,PLAYKIDIZ ,786138708659,,,,,,,,,,,,,,,,,,,,,,,,,,,,,,,,,,,,,,,,,,
786138708932,,3515,Clip On Mobile,Clip On Mobile,Clip On Mobile,Clip On Mobile,Others,Baby & Toddler Toys,"Music, Sound & Sensory",PLAYKIDIZ ,PLAYKIDIZ ,786138708932,,,,,,,,,,,,,,,,,,,,,,,,,,,,,,,,,,,,,,,,,,
086138802235,,3028,PLAYKIDZ STACKING CUPS,PLAYKIDZ STACKING CUPS,PLAYKIDZ STACKING CUPS,PLAYKIDZ STACKING CUPS,Others,Baby & Toddler Toys,Early Learning & Development,PLAYKIDIZ ,PLAYKIDIZ ,086138802235,,,,,,,,,,,,,,,,,,,,,,,,,,,,,,,,,,,,,,,,,,
786138702022,,PK-3215,MUSICAL BEAR STACKER,MUSICAL BEAR STACKER,MUSICAL BEAR STACKER,MUSICAL BEAR STACKER,Others,Baby & Toddler Toys,"Music, Sound & Sensory",PLAYKIDIZ ,PLAYKIDIZ ,786138702022,,,,,,,,,,,,,,,,,,,,,,,,,,,,,,,,,,,,,,,,,,
786138703852,,3335,SHAPE SORTING EGGS 12CT,SHAPE SORTING EGGS 12CT,SHAPE SORTING EGGS 12CT,SHAPE SORTING EGGS 12CT,Others,Baby & Toddler Toys,Early Learning & Development,PLAYKIDIZ ,PLAYKIDIZ ,786138703852,,,,,,,,,,,,,,,,,,,,,,,,,,,,,,,,,,,,,,,,,,
786138702701,,PK-3288,ROLLER WORM Baby & Toddler Toys TOY,ROLLER WORM Baby & Toddler Toys TOY,ROLLER WORM Baby & Toddler Toys TOY,ROLLER WORM Baby & Toddler Toys TOY,Others,Baby & Toddler Toys,"Music, Sound & Sensory",PLAYKIDIZ ,PLAYKIDIZ ,786138702701,,,,,,,,,,,,,,,,,,,,,,,,,,,,,,,,,,,,,,,,,,
086138800019,,3010,POUND 'N ROLL,POUND 'N ROLL,POUND 'N ROLL,POUND 'N ROLL,Others,Baby & Toddler Toys,Early Learning & Development,PLAYKIDIZ ,PLAYKIDIZ ,086138800019,,,,,,,,,,,,,,,,,,,,,,,,,,,,,,,,,,,,,,,,,,
786138702039,,3216,MY FIRST STEERING WHEEL,MY FIRST STEERING WHEEL,MY FIRST STEERING WHEEL,MY FIRST STEERING WHEEL,Others,Baby & Toddler Toys,"Music, Sound & Sensory",PLAYKIDIZ ,PLAYKIDIZ ,786138702039,,,,,,,,,,,,,,,,,,,,,,,,,,,,,,,,,,,,,,,,,,
786138703845,,PK-3334,SHAPE SORTING EGGS 6CT,SHAPE SORTING EGGS 6CT,SHAPE SORTING EGGS 6CT,SHAPE SORTING EGGS 6CT,Others,Baby & Toddler Toys,Early Learning & Development,PLAYKIDIZ ,PLAYKIDIZ ,786138703845,,,,,,,,,,,,,,,,,,,,,,,,,,,,,,,,,,,,,,,,,,
786138700899,,PK-3096,PEEK-A-BOO,PEEK-A-BOO,PEEK-A-BOO,PEEK-A-BOO,Others,Baby & Toddler Toys,Early Learning & Development,PLAYKIDIZ ,PLAYKIDIZ ,786138700899,,,,,,,,,,,,,,,,,,,,,,,,,,,,,,,,,,,,,,,,,,
086138106838,,3008,ALPHA BLOCKS,ALPHA BLOCKS,ALPHA BLOCKS,ALPHA BLOCKS,Others,Baby & Toddler Toys,Early Learning & Development,PLAYKIDIZ ,PLAYKIDIZ ,086138106838,,,,,,,,,,,,,,,,,,,,,,,,,,,,,,,,,,,,,,,,,,
786138701131,,1325,Pegture Jr.,Pegture Jr.,Pegture Jr.,Pegture Jr.,Others,Baby & Toddler Toys,Early Learning & Development,PLAYKIDIZ ,PLAYKIDIZ ,786138701131,,,,,,,,,,,,,,,,,,,,,,,,,,,,,,,,,,,,,,,,,,
786138704651,,PK-3345,Playkidiz Shape Cube,Playkidiz Shape Cube,Playkidiz Shape Cube,Playkidiz Shape Cube,Others,Baby & Toddler Toys,Early Learning & Development,PLAYKIDIZ ,PLAYKIDIZ ,786138704651,,,,,,,,,,,,,,,,,,,,,,,,,,,,,,,,,,,,,,,,,,
786138701094,,PK-3098,POUND A BALL REPLACMENT,POUND A BALL REPLACMENT,POUND A BALL REPLACMENT,POUND A BALL REPLACMENT,Others,Baby & Toddler Toys,Early Learning & Development,PLAYKIDIZ ,PLAYKIDIZ ,786138701094,,,,,,,,,,,,,,,,,,,,,,,,,,,,,,,,,,,,,,,,,,
086138803898,,BLISTER 3224,SHAPE SORTING EGGS,SHAPE SORTING EGGS,SHAPE SORTING EGGS,SHAPE SORTING EGGS,$1.29 Prizes,Baby & Toddler Toys,Early Learning & Development,PLAYKIDIZ ,PLAYKIDIZ ,086138803898,,,,,,,,,,,,,,,,,,,,,,,,,,,,,,,,,,,,,,,,,,
786138702152,,PRIMARY COLORS 1332,PLAYBUILD 200 PIECE BRICK SET,PLAYBUILD 200 PIECE BRICK SET,PLAYBUILD 200 PIECE BRICK SET,PLAYBUILD 200 PIECE BRICK SET,Others,Building Sets & Blocks,"Bricks, Blocks & Building Sets",PLAYKIDIZ ,PLAYKIDIZ ,786138702152,,,,,,,,,,,,,,,,,,,,,,,,,,,,,,,,,,,,,,,,,,
786138701209,,3276,CHANUKAH CUBE,CHANUKAH CUBE,CHANUKAH CUBE,CHANUKAH CUBE,Others,Channukah,Channukah Games,PLAYKIDIZ ,PLAYKIDIZ ,786138701209,,,,,,,,,,,,,,,,,,,,,,,,,,,,,,,,,,,,,,,,,,
786138701193,,3275,STACKING TOP DREIDAL,STACKING TOP DREIDAL,STACKING TOP DREIDAL,STACKING TOP DREIDAL,Others,Channukah,Channukah Games,PLAYKIDIZ ,PLAYKIDIZ ,786138701193,,,,,,,,,,,,,,,,,,,,,,,,,,,,,,,,,,,,,,,,,,
786138704668,,3346 dasiy maxi,My first Pegs,My first Pegs,My first Pegs,My first Pegs,Others,Baby & Toddler Toys,Early Learning & Development,PLAYKIDIZ ,PLAYKIDIZ ,786138704668,,,,,,,,,,,,,,,,,,,,,,,,,,,,,,,,,,,,,,,,,,
786138701261,,3099,16 INCH TALKING DOLL,16 INCH TALKING DOLL,16 INCH TALKING DOLL,16 INCH TALKING DOLL,Others,Dolls,Dolls,PLAYKIDIZ ,PLAYKIDIZ ,786138701261,,,,,,,,,,,,,,,,,,,,,,,,,,,,,,,,,,,,,,,,,,
786138700325,,3068,DOLL BEDROOM,DOLL BEDROOM,DOLL BEDROOM,DOLL BEDROOM,Others,Dolls,Doll Playsets & Furniture,PLAYKIDIZ ,PLAYKIDIZ ,786138700325,,,,,,,,,,,,,,,,,,,,,,,,,,,,,,,,,,,,,,,,,,
786138701322,,3204,TWINZY DOLLS,TWINZY DOLLS,TWINZY DOLLS,TWINZY DOLLS,Others,Dolls,Dolls,PLAYKIDIZ ,PLAYKIDIZ ,786138701322,,,,,,,,,,,,,,,,,,,,,,,,,,,,,,,,,,,,,,,,,,
786138700332,,3069,DOLL BUNKBED,DOLL BUNKBED,DOLL BUNKBED,DOLL BUNKBED,Others,Dolls,Doll Playsets & Furniture,PLAYKIDIZ ,PLAYKIDIZ ,786138700332,,,,,,,,,,,,,,,,,,,,,,,,,,,,,,,,,,,,,,,,,,
786138704637,,PK-3343,Tubo Fluto,Tubo Fluto,Tubo Fluto,Tubo Fluto,Others,Baby & Toddler Toys,"Music, Sound & Sensory",PLAYKIDIZ ,PLAYKIDIZ ,786138704637,,,,,,,,,,,,,,,,,,,,,,,,,,,,,,,,,,,,,,,,,,
786138701940,,Item 3124,LCD Writing Tablet (Black),LCD Writing Tablet (Black),LCD Writing Tablet (Black),LCD Writing Tablet (Black),Others,Baby & Toddler Toys,"Music, Sound & Sensory",PLAYKIDIZ ,PLAYKIDIZ ,786138701940,,,,,,,,,,,,,,,,,,,,,,,,,,,,,,,,,,,,,,,,,,
786138701964,,Item 3126,LCD Writing Tablet (Red),LCD Writing Tablet (Red),LCD Writing Tablet (Red),LCD Writing Tablet (Red),Others,Baby & Toddler Toys,"Music, Sound & Sensory",PLAYKIDIZ ,PLAYKIDIZ ,786138701964,,,,,,,,,,,,,,,,,,,,,,,,,,,,,,,,,,,,,,,,,,
786138701957,,Item 3025,LCD Writing Tablet (White),LCD Writing Tablet (White),LCD Writing Tablet (White),LCD Writing Tablet (White),Others,Baby & Toddler Toys,"Music, Sound & Sensory",PLAYKIDIZ ,PLAYKIDIZ ,786138701957,,,,,,,,,,,,,,,,,,,,,,,,,,,,,,,,,,,,,,,,,,
786138701971,,Item 3127,LCD Writing Tablet (Blue),LCD Writing Tablet (Blue),LCD Writing Tablet (Blue),LCD Writing Tablet (Blue),Others,Baby & Toddler Toys,"Music, Sound & Sensory",PLAYKIDIZ ,PLAYKIDIZ ,786138701971,,,,,,,,,,,,,,,,,,,,,,,,,,,,,,,,,,,,,,,,,,
786138700745,,3074,ORGAN W LIGHT N MUSIC,ORGAN W LIGHT N MUSIC,ORGAN W LIGHT N MUSIC,ORGAN W LIGHT N MUSIC,Others,Baby & Toddler Toys,"Music, Sound & Sensory",PLAYKIDIZ ,PLAYKIDIZ ,786138700745,,,,,,,,,,,,,,,,,,,,,,,,,,,,,,,,,,,,,,,,,,
786138701605,,3244,MINI KEYBOARD,MINI KEYBOARD,MINI KEYBOARD,MINI KEYBOARD,Others,Baby & Toddler Toys,"Music, Sound & Sensory",PLAYKIDIZ ,PLAYKIDIZ ,786138701605,,,,,,,,,,,,,,,,,,,,,,,,,,,,,,,,,,,,,,,,,,
085761210639,,66124,VOICE SCRAMBLER,VOICE SCRAMBLER,VOICE SCRAMBLER,VOICE SCRAMBLER,Others,Baby & Toddler Toys,"Music, Sound & Sensory",PLAYKIDIZ ,PLAYKIDIZ ,085761210639,,,,,,,,,,,,,,,,,,,,,,,,,,,,,,,,,,,,,,,,,,
0786138706921,,PK-3438-3439,Playkidiz 8 Toy Figures & Playsets,Playkidiz 8 Toy Figures & Playsets,Playkidiz 8 Toy Figures & Playsets,Playkidiz 8 Toy Figures & Playsets,Others,Figures,Figure Playsets,PLAYKIDIZ ,PLAYKIDIZ ,0786138706921,,,,,,,,,,,,,,,,,,,,,,,,,,,,,,,,,,,,,,,,,,
786138700608,,3078,WILD ANIMALS SET,WILD ANIMALS SET,WILD ANIMALS SET,WILD ANIMALS SET,Others,Figures,Character Figures,PLAYKIDIZ ,PLAYKIDIZ ,786138700608,,,,,,,,,,,,,,,,,,,,,,,,,,,,,,,,,,,,,,,,,,
786138706433,,PK-3438,PLAYMINIZ FAMILY TRIP SET,PLAYMINIZ FAMILY TRIP SET,PLAYMINIZ FAMILY TRIP SET,PLAYMINIZ FAMILY TRIP SET,Others,Figures,Figure Playsets,PLAYKIDIZ ,PLAYKIDIZ ,786138706433,,,,,,,,,,,,,,,,,,,,,,,,,,,,,,,,,,,,,,,,,,
786138706440,,PK-3439,PLAYMINIZ 4 PCS FIGURES - BAKERY SET,PLAYMINIZ 4 PCS FIGURES - BAKERY SET,PLAYMINIZ 4 PCS FIGURES - BAKERY SET,PLAYMINIZ 4 PCS FIGURES - BAKERY SET,Others,Figures,Figure Playsets,PLAYKIDIZ ,PLAYKIDIZ ,786138706440,,,,,,,,,,,,,,,,,,,,,,,,,,,,,,,,,,,,,,,,,,
786138706419,,PK-3436,PLAYMINIZ CONSTRUCTION SET,PLAYMINIZ CONSTRUCTION SET,PLAYMINIZ CONSTRUCTION SET,PLAYMINIZ CONSTRUCTION SET,Others,Figures,Figure Playsets,PLAYKIDIZ ,PLAYKIDIZ ,786138706419,,,,,,,,,,,,,,,,,,,,,,,,,,,,,,,,,,,,,,,,,,
786138703937,,PK-3336,Precious Family Figures,Precious Family Figures,Precious Family Figures,Precious Family Figures,Others,Figures,Character Figures,PLAYKIDIZ ,PLAYKIDIZ ,786138703937,,,,,,,,,,,,,,,,,,,,,,,,,,,,,,,,,,,,,,,,,,
786138706426,,PK-3437,PLAYMINIZ FARMERS SET,PLAYMINIZ FARMERS SET,PLAYMINIZ FARMERS SET,PLAYMINIZ FARMERS SET,Others,Figures,Figure Playsets,PLAYKIDIZ ,PLAYKIDIZ ,786138706426,,,,,,,,,,,,,,,,,,,,,,,,,,,,,,,,,,,,,,,,,,
786138706402,,PK-3435,PLAYMINIZ SWAT & PRISON SET,PLAYMINIZ SWAT & PRISON SET,PLAYMINIZ SWAT & PRISON SET,PLAYMINIZ SWAT & PRISON SET,Fidgets,Figures,Action Figures,PLAYKIDIZ ,PLAYKIDIZ ,786138706402,,,,,,,,,,,,,,,,,,,,,,,,,,,,,,,,,,,,,,,,,,
086138804345,,3242,IQ PUZZLE BLOCKS,IQ PUZZLE BLOCKS,IQ PUZZLE BLOCKS,IQ PUZZLE BLOCKS,Others,Games & Puzzles,Brain Teasers & Solo Play,PLAYKIDIZ ,PLAYKIDIZ ,086138804345,,,,,,,,,,,,,,,,,,,,,,,,,,,,,,,,,,,,,,,,,,
086138803843,,3219,Magic Snake,Magic Snake,Magic Snake,Magic Snake,Others,Games & Puzzles,Brain Teasers & Solo Play,PLAYKIDIZ ,PLAYKIDIZ ,086138803843,,,,,,,,,,,,,,,,,,,,,,,,,,,,,,,,,,,,,,,,,,
786138700578,,3269,3D PUZZLE BALL,3D PUZZLE BALL,3D PUZZLE BALL,3D PUZZLE BALL,Others,Games & Puzzles,Puzzles & Accessories,PLAYKIDIZ ,PLAYKIDIZ ,786138700578,,,,,,,,,,,,,,,,,,,,,,,,,,,,,,,,,,,,,,,,,,
786138700295,,3266,BOWLING,BOWLING,BOWLING,BOWLING,Others,Games & Puzzles,Party & Group Games,PLAYKIDIZ ,PLAYKIDIZ ,786138700295,,,,,,,,,,,,,,,,,,,,,,,,,,,,,,,,,,,,,,,,,,
086138803799,,3214,SPINNING DISCS,SPINNING DISCS,SPINNING DISCS,SPINNING DISCS,Others,Games & Puzzles,Electronic Games,PLAYKIDIZ ,PLAYKIDIZ ,086138803799,,,,,,,,,,,,,,,,,,,,,,,,,,,,,,,,,,,,,,,,,,
086138803546,,3201,2-PK Light up Foam Finger Rockets,2-PK Light up Foam Finger Rockets,2-PK Light up Foam Finger Rockets,2-PK Light up Foam Finger Rockets,Others,Games & Puzzles,Card & Travel Games,PLAYKIDIZ ,PLAYKIDIZ ,086138803546,,,,,,,,,,,,,,,,,,,,,,,,,,,,,,,,,,,,,,,,,,
786138700691,,3084,HOOLA HOOPS,HOOLA HOOPS,HOOLA HOOPS,HOOLA HOOPS,Others,Outdoor Play,Sports & Active Play,PLAYKIDIZ ,PLAYKIDIZ ,786138700691,,,,,,,,,,,,,,,,,,,,,,,,,,,,,,,,,,,,,,,,,,
786138701681,,PK-3107,48 PC.SIDEWALK CHALK,48 PC.SIDEWALK CHALK,48 PC.SIDEWALK CHALK,48 PC.SIDEWALK CHALK,Others,Outdoor Play,Water & Summer Fun,PLAYKIDIZ ,PLAYKIDIZ ,786138701681,,,,,,,,,,,,,,,,,,,,,,,,,,,,,,,,,,,,,,,,,,
086138803768,,3211,BOW & ARROW,BOW & ARROW,BOW & ARROW,BOW & ARROW,Others,Outdoor Play,Sports & Active Play,PLAYKIDIZ ,PLAYKIDIZ ,086138803768,,,,,,,,,,,,,,,,,,,,,,,,,,,,,,,,,,,,,,,,,,
786138705979,,3399,Kiddie Chair Yellow,Kiddie Chair Yellow,Kiddie Chair Yellow,Kiddie Chair Yellow,Others,Outdoor Play,Outdoor Gear,PLAYKIDIZ ,PLAYKIDIZ ,786138705979,,,,,,,,,,,,,,,,,,,,,,,,,,,,,,,,,,,,,,,,,,
786138705986,,3400,Kiddie Table Red,Kiddie Table Red,Kiddie Table Red,Kiddie Table Red,Others,Outdoor Play,Outdoor Gear,PLAYKIDIZ ,PLAYKIDIZ ,786138705986,,,,,,,,,,,,,,,,,,,,,,,,,,,,,,,,,,,,,,,,,,
086138804093,,3055,BEACH SAND SET PINK,BEACH SAND SET PINK,BEACH SAND SET PINK,BEACH SAND SET PINK,Others,Outdoor Play,Water & Summer Fun,PLAYKIDIZ ,PLAYKIDIZ ,086138804093,,,,,,,,,,,,,,,,,,,,,,,,,,,,,,,,,,,,,,,,,,
786138701643,,playkidiz 3212,skip ball flashing,skip ball flashing,skip ball flashing,skip ball flashing,Others,Outdoor Play,Sports & Active Play,PLAYKIDIZ ,PLAYKIDIZ ,786138701643,,,,,,,,,,,,,,,,,,,,,,,,,,,,,,,,,,,,,,,,,,
786138705955,,3397,Kiddie Chair Green,Kiddie Chair Green,Kiddie Chair Green,Kiddie Chair Green,Others,Outdoor Play,Outdoor Gear,PLAYKIDIZ ,PLAYKIDIZ ,786138705955,,,,,,,,,,,,,,,,,,,,,,,,,,,,,,,,,,,,,,,,,,
786138803156,,3129-G,New Bounce Bucket Swing Dark Green,New Bounce Bucket Swing Dark Green,New Bounce Bucket Swing Dark Green,New Bounce Bucket Swing Dark Green,Others,Outdoor Play,Ride-On & Bikes,PLAYKIDIZ ,PLAYKIDIZ ,786138803156,,,,,,,,,,,,,,,,,,,,,,,,,,,,,,,,,,,,,,,,,,
786138700363,,3072,COZY RIDE,COZY RIDE,COZY RIDE,COZY RIDE,Others,Outdoor Play,Ride-On & Bikes,PLAYKIDIZ ,PLAYKIDIZ ,786138700363,,,,,,,,,,,,,,,,,,,,,,,,,,,,,,,,,,,,,,,,,,
786138700707,,3085,HOOLA HOOPS,HOOLA HOOPS,HOOLA HOOPS,HOOLA HOOPS,Others,Outdoor Play,Sports & Active Play,PLAYKIDIZ ,PLAYKIDIZ ,786138700707,,,,,,,,,,,,,,,,,,,,,,,,,,,,,,,,,,,,,,,,,,
786138703210,,FY-8603,TRAMPOSHOTS,TRAMPOSHOTS,TRAMPOSHOTS,TRAMPOSHOTS,Others,Outdoor Play,Sports & Active Play,PLAYKIDIZ ,PLAYKIDIZ ,786138703210,,,,,,,,,,,,,,,,,,,,,,,,,,,,,,,,,,,,,,,,,,
786138705993,,3401,Kiddie Folding Slide,Kiddie Folding Slide,Kiddie Folding Slide,Kiddie Folding Slide,Others,Outdoor Play,Ride-On & Bikes,PLAYKIDIZ ,PLAYKIDIZ ,786138705993,,,,,,,,,,,,,,,,,,,,,,,,,,,,,,,,,,,,,,,,,,
786138700721,,3087,HOOLA HOOPS,HOOLA HOOPS,HOOLA HOOPS,HOOLA HOOPS,Others,Outdoor Play,Sports & Active Play,PLAYKIDIZ ,PLAYKIDIZ ,786138700721,,,,,,,,,,,,,,,,,,,,,,,,,,,,,,,,,,,,,,,,,,
786138705931,,3395,Kiddie Chair Purple,Kiddie Chair Purple,Kiddie Chair Purple,Kiddie Chair Purple,Others,Outdoor Play,Outdoor Gear,PLAYKIDIZ ,PLAYKIDIZ ,786138705931,,,,,,,,,,,,,,,,,,,,,,,,,,,,,,,,,,,,,,,,,,
786138803132,,3128-B,PUDDLE JUMPER BLUE,PUDDLE JUMPER BLUE,PUDDLE JUMPER BLUE,PUDDLE JUMPER BLUE,Others,Outdoor Play,Water & Summer Fun,PLAYKIDIZ ,PLAYKIDIZ ,786138803132,,,,,,,,,,,,,,,,,,,,,,,,,,,,,,,,,,,,,,,,,,
786138705962,,3398,Kiddie Chair Blue,Kiddie Chair Blue,Kiddie Chair Blue,Kiddie Chair Blue,Others,Outdoor Play,Outdoor Gear,PLAYKIDIZ ,PLAYKIDIZ ,786138705962,,,,,,,,,,,,,,,,,,,,,,,,,,,,,,,,,,,,,,,,,,
086138803553,,3202,BOUNCE N CATCH,BOUNCE N CATCH,BOUNCE N CATCH,BOUNCE N CATCH,Others,Outdoor Play,Sports & Active Play,PLAYKIDIZ ,PLAYKIDIZ ,086138803553,,,,,,,,,,,,,,,,,,,,,,,,,,,,,,,,,,,,,,,,,,
786138700875,,3094,HEAVY CONSTRUCTION TRUCKS,HEAVY CONSTRUCTION TRUCKS,HEAVY CONSTRUCTION TRUCKS,HEAVY CONSTRUCTION TRUCKS,Others,Outdoor Play,Outdoor Gear,PLAYKIDIZ ,PLAYKIDIZ ,786138700875,,,,,,,,,,,,,,,,,,,,,,,,,,,,,,,,,,,,,,,,,,
786138705948,,3396,Kiddie Chair Red,Kiddie Chair Red,Kiddie Chair Red,Kiddie Chair Red,Others,Outdoor Play,Water & Summer Fun,PLAYKIDIZ ,PLAYKIDIZ ,786138705948,,,,,,,,,,,,,,,,,,,,,,,,,,,,,,,,,,,,,,,,,,
786138803149,,3128-P,PUDDLE JUMPER PINK,PUDDLE JUMPER PINK,PUDDLE JUMPER PINK,PUDDLE JUMPER PINK,Others,Outdoor Play,Outdoor Gear,PLAYKIDIZ ,PLAYKIDIZ ,786138803149,,,,,,,,,,,,,,,,,,,,,,,,,,,,,,,,,,,,,,,,,,
086138105367,,3002,SLEEPING BAG,SLEEPING BAG,SLEEPING BAG,SLEEPING BAG,Others,Outdoor Play,Sports & Active Play,PLAYKIDIZ ,PLAYKIDIZ ,086138105367,,,,,,,,,,,,,,,,,,,,,,,,,,,,,,,,,,,,,,,,,,
086138804406,,3248,SUPER SPEED RACE,SUPER SPEED RACE,SUPER SPEED RACE,SUPER SPEED RACE,Others,Outdoor Play,Sports & Active Play,PLAYKIDIZ ,PLAYKIDIZ ,086138804406,,,,,,,,,,,,,,,,,,,,,,,,,,,,,,,,,,,,,,,,,,
086138100928,,OM202,MINI BRAINYMAZE,MINI BRAINYMAZE,MINI BRAINYMAZE,MINI BRAINYMAZE,Others,Outdoor Play,Sports & Active Play,PLAYKIDIZ ,PLAYKIDIZ ,086138100928,,,,,,,,,,,,,,,,,,,,,,,,,,,,,,,,,,,,,,,,,,
086138803881,,3223,WATER GAME,WATER GAME,WATER GAME,WATER GAME,Others,Outdoor Play,Water & Summer Fun,PLAYKIDIZ ,PLAYKIDIZ ,086138803881,,,,,,,,,,,,,,,,,,,,,,,,,,,,,,,,,,,,,,,,,,
086138804086,,3054,BEACH SAND SET BLUE,BEACH SAND SET BLUE,BEACH SAND SET BLUE,BEACH SAND SET BLUE,Others,Outdoor Play,Sports & Active Play,PLAYKIDIZ ,PLAYKIDIZ ,086138804086,,,,,,,,,,,,,,,,,,,,,,,,,,,,,,,,,,,,,,,,,,
086138106562,,2004,ZOOM BALL,ZOOM BALL,ZOOM BALL,ZOOM BALL,Others,Outdoor Play,Sports & Active Play,PLAYKIDIZ ,PLAYKIDIZ ,086138106562,,,,,,,,,,,,,,,,,,,,,,,,,,,,,,,,,,,,,,,,,,
086138803737,,3208,MAGNETIC TRAVEL PLAY,MAGNETIC TRAVEL PLAY,MAGNETIC TRAVEL PLAY,MAGNETIC TRAVEL PLAY,Others,Outdoor Play,Sports & Active Play,PLAYKIDIZ ,PLAYKIDIZ ,086138803737,,,,,,,,,,,,,,,,,,,,,,,,,,,,,,,,,,,,,,,,,,
086138804512,,3256,FRISBEE,FRISBEE,FRISBEE,FRISBEE,Others,Outdoor Play,Sports & Active Play,PLAYKIDIZ ,PLAYKIDIZ ,086138804512,,,,,,,,,,,,,,,,,,,,,,,,,,,,,,,,,,,,,,,,,,
786138706297,,3424,Jump Rope,Jump Rope,Jump Rope,Jump Rope,Others,Outdoor Play,Sports & Active Play,PLAYKIDIZ ,PLAYKIDIZ ,786138706297,,,,,,,,,,,,,,,,,,,,,,,,,,,,,,,,,,,,,,,,,,
786138706303,,3425,Chinese Jump Rope,Chinese Jump Rope,Chinese Jump Rope,Chinese Jump Rope,Others,Outdoor Play,Sports & Active Play,PLAYKIDIZ ,PLAYKIDIZ ,786138706303,,,,,,,,,,,,,,,,,,,,,,,,,,,,,,,,,,,,,,,,,,
786138706310,,3426,Rainbow Chinese Jump Rope,Rainbow Chinese Jump Rope,Rainbow Chinese Jump Rope,Rainbow Chinese Jump Rope,Others,Outdoor Play,Water & Summer Fun,PLAYKIDIZ ,PLAYKIDIZ ,786138706310,,,,,,,,,,,,,,,,,,,,,,,,,,,,,,,,,,,,,,,,,,
786138707041,,3449,Mist Spray,Mist Spray,Mist Spray,Mist Spray,Others,Outdoor Play,Water & Summer Fun,PLAYKIDIZ ,PLAYKIDIZ ,786138707041,,,,,,,,,,,,,,,,,,,,,,,,,,,,,,,,,,,,,,,,,,
786138707713,,YW154778,WATER SPRAY FAN,WATER SPRAY FAN,WATER SPRAY FAN,WATER SPRAY FAN,Others,Outdoor Play,Ride-On & Bikes,PLAYKIDIZ ,PLAYKIDIZ ,786138707713,,,,,,,,,,,,,,,,,,,,,,,,,,,,,,,,,,,,,,,,,,
786138700264,,3064,CLEANING PLAY SET,CLEANING PLAY SET,CLEANING PLAY SET,CLEANING PLAY SET,Others,Pretend Play & Dress Up,Home & Everyday Play,PLAYKIDIZ ,PLAYKIDIZ ,786138700264,,,,,,,,,,,,,,,,,,,,,,,,,,,,,,,,,,,,,,,,,,
786138700639,,3080,MY FIRST PRINCESS PLAY MAKE UP,MY FIRST PRINCESS PLAY MAKE UP,MY FIRST PRINCESS PLAY MAKE UP,MY FIRST PRINCESS PLAY MAKE UP,Others,Pretend Play & Dress Up,Dress-Up Sets,PLAYKIDIZ ,PLAYKIDIZ ,786138700639,,,,,,,,,,,,,,,,,,,,,,,,,,,,,,,,,,,,,,,,,,
786138703111,,3296,PLAY HELPER DELUXE CLEANING SET,PLAY HELPER DELUXE CLEANING SET,PLAY HELPER DELUXE CLEANING SET,PLAY HELPER DELUXE CLEANING SET,Others,Pretend Play & Dress Up,Home & Everyday Play,PLAYKIDIZ ,PLAYKIDIZ ,786138703111,,,,,,,,,,,,,,,,,,,,,,,,,,,,,,,,,,,,,,,,,,
786138705672,,PK-3384,Playkidiz Shopping Cart With Food,Playkidiz Shopping Cart With Food,Playkidiz Shopping Cart With Food,Playkidiz Shopping Cart With Food,Others,Pretend Play & Dress Up,Home & Everyday Play,PLAYKIDIZ ,PLAYKIDIZ ,786138705672,,,,,,,,,,,,,,,,,,,,,,,,,,,,,,,,,,,,,,,,,,
786138700851,,3092,MY FIRST PURSE (hard),MY FIRST PURSE (hard),MY FIRST PURSE (hard),MY FIRST PURSE (hard),Others,Pretend Play & Dress Up,Dress-Up Sets,PLAYKIDIZ ,PLAYKIDIZ ,786138700851,,,,,,,,,,,,,,,,,,,,,,,,,,,,,,,,,,,,,,,,,,
786138705689,,PK-3385,144 PC DELUXE FOOD SET,144 PC DELUXE FOOD SET,144 PC DELUXE FOOD SET,144 PC DELUXE FOOD SET,Others,Pretend Play & Dress Up,Home & Everyday Play,PLAYKIDIZ ,PLAYKIDIZ ,786138705689,,,,,,,,,,,,,,,,,,,,,,,,,,,,,,,,,,,,,,,,,,
086138802839,,3039,DELUXE TOOL SET,DELUXE TOOL SET,DELUXE TOOL SET,DELUXE TOOL SET,Others,Pretend Play & Dress Up,Community Helpers Play,PLAYKIDIZ ,PLAYKIDIZ ,086138802839,,,,,,,,,,,,,,,,,,,,,,,,,,,,,,,,,,,,,,,,,,
086138802921,,PK-3045,PRINCESS CHEST,PRINCESS CHEST,PRINCESS CHEST,PRINCESS CHEST,Others,Pretend Play & Dress Up,Dress-Up Sets,PLAYKIDIZ ,PLAYKIDIZ ,086138802921,,,,,,,,,,,,,,,,,,,,,,,,,,,,,,,,,,,,,,,,,,
086138802426,,3032,MY FIRST PRINCESS REAL MAKE UP,MY FIRST PRINCESS REAL MAKE UP,MY FIRST PRINCESS REAL MAKE UP,MY FIRST PRINCESS REAL MAKE UP,Others,Pretend Play & Dress Up,Dress-Up Sets,PLAYKIDIZ ,PLAYKIDIZ ,086138802426,,,,,,,,,,,,,,,,,,,,,,,,,,,,,,,,,,,,,,,,,,
086138803065,,3051,PLAY MONEY,PLAY MONEY,PLAY MONEY,PLAY MONEY,Others,Pretend Play & Dress Up,Home & Everyday Play,PLAYKIDIZ ,PLAYKIDIZ ,086138803065,,,,,,,,,,,,,,,,,,,,,,,,,,,,,,,,,,,,,,,,,,
086138803058,,3050,PLAYMONEY,PLAYMONEY,PLAYMONEY,PLAYMONEY,Others,Pretend Play & Dress Up,Home & Everyday Play,PLAYKIDIZ ,PLAYKIDIZ ,086138803058,,,,,,,,,,,,,,,,,,,,,,,,,,,,,,,,,,,,,,,,,,
786138700509,,PK-3075,TOOL SET STORAGE CADDY,TOOL SET STORAGE CADDY,TOOL SET STORAGE CADDY,TOOL SET STORAGE CADDY,Others,Pretend Play & Dress Up,Community Helpers Play,PLAYKIDIZ ,PLAYKIDIZ ,786138700509,,,,,,,,,,,,,,,,,,,,,,,,,,,,,,,,,,,,,,,,,,
786138702176,,PK-3280,My First Purse Set 7pc,My First Purse Set 7pc,My First Purse Set 7pc,My First Purse Set 7pc,Others,Pretend Play & Dress Up,Dress-Up Sets,PLAYKIDIZ ,PLAYKIDIZ ,786138702176,,,,,,,,,,,,,,,,,,,,,,,,,,,,,,,,,,,,,,,,,,
786138703098,,3294,PLAY HELPER CADDY SET,PLAY HELPER CADDY SET,PLAY HELPER CADDY SET,PLAY HELPER CADDY SET,Others,Pretend Play & Dress Up,Home & Everyday Play,PLAYKIDIZ ,PLAYKIDIZ ,786138703098,,,,,,,,,,,,,,,,,,,,,,,,,,,,,,,,,,,,,,,,,,
786138703173,,3302 MEGA SET,LAUNDRY PLAYSET,LAUNDRY PLAYSET,LAUNDRY PLAYSET,LAUNDRY PLAYSET,Others,Pretend Play & Dress Up,Home & Everyday Play,PLAYKIDIZ ,PLAYKIDIZ ,786138703173,,,,,,,,,,,,,,,,,,,,,,,,,,,,,,,,,,,,,,,,,,
786138705658,,PK-3382,Shopping Cart Basket,Shopping Cart Basket,Shopping Cart Basket,Shopping Cart Basket,Others,Pretend Play & Dress Up,Home & Everyday Play,PLAYKIDIZ ,PLAYKIDIZ ,786138705658,,,,,,,,,,,,,,,,,,,,,,,,,,,,,,,,,,,,,,,,,,
786138700196,,3047,PLAY MONEY PACK,PLAY MONEY PACK,PLAY MONEY PACK,PLAY MONEY PACK,Others,Pretend Play & Dress Up,Home & Everyday Play,PLAYKIDIZ ,PLAYKIDIZ ,786138700196,,,,,,,,,,,,,,,,,,,,,,,,,,,,,,,,,,,,,,,,,,
786138700868,,3093,MAGIC SURPRISE MIRROR SET,MAGIC SURPRISE MIRROR SET,MAGIC SURPRISE MIRROR SET,MAGIC SURPRISE MIRROR SET,Others,Pretend Play & Dress Up,Dress-Up Sets,PLAYKIDIZ ,PLAYKIDIZ ,786138700868,,,,,,,,,,,,,,,,,,,,,,,,,,,,,,,,,,,,,,,,,,
786138701285,,PK-3200,CASH REGISTER,CASH REGISTER,CASH REGISTER,CASH REGISTER,Others,Pretend Play & Dress Up,Home & Everyday Play,PLAYKIDIZ ,PLAYKIDIZ ,786138701285,,,,,,,,,,,,,,,,,,,,,,,,,,,,,,,,,,,,,,,,,,
786138703135,,3298 Mixer/Toaster,BREAKFAST PLAYSET,BREAKFAST PLAYSET,BREAKFAST PLAYSET,BREAKFAST PLAYSET,Others,Pretend Play & Dress Up,Home & Everyday Play,PLAYKIDIZ ,PLAYKIDIZ ,786138703135,,,,,,,,,,,,,,,,,,,,,,,,,,,,,,,,,,,,,,,,,,
786138705696,,PK-3386,DELUXE SHOPPING CART W REGISTER,DELUXE SHOPPING CART W REGISTER,DELUXE SHOPPING CART W REGISTER,DELUXE SHOPPING CART W REGISTER,Others,Pretend Play & Dress Up,Home & Everyday Play,PLAYKIDIZ ,PLAYKIDIZ ,786138705696,,,,,,,,,,,,,,,,,,,,,,,,,,,,,,,,,,,,,,,,,,
786138703159,,3300 WASH MACHINE AND CLOTHING,WASHER PLAYSET,WASHER PLAYSET,WASHER PLAYSET,WASHER PLAYSET,Others,Pretend Play & Dress Up,Home & Everyday Play,PLAYKIDIZ ,PLAYKIDIZ ,786138703159,,,,,,,,,,,,,,,,,,,,,,,,,,,,,,,,,,,,,,,,,,
786138700752,,3089,Scan & Talk Cash Register / Blue,Scan & Talk Cash Register / Blue,Scan & Talk Cash Register / Blue,Scan & Talk Cash Register / Blue,Others,Pretend Play & Dress Up,Home & Everyday Play,PLAYKIDIZ ,PLAYKIDIZ ,786138700752,,,,,,,,,,,,,,,,,,,,,,,,,,,,,,,,,,,,,,,,,,
786138701339,,3205,TREATS BUCKET PLAY FOOD SET,TREATS BUCKET PLAY FOOD SET,TREATS BUCKET PLAY FOOD SET,TREATS BUCKET PLAY FOOD SET,Others,Pretend Play & Dress Up,Home & Everyday Play,PLAYKIDIZ ,PLAYKIDIZ ,786138701339,,,,,,,,,,,,,,,,,,,,,,,,,,,,,,,,,,,,,,,,,,
786138705665,,PK-3383,Shopping Cart W Register,Shopping Cart W Register,Shopping Cart W Register,Shopping Cart W Register,Others,Pretend Play & Dress Up,Home & Everyday Play,PLAYKIDIZ ,PLAYKIDIZ ,786138705665,,,,,,,,,,,,,,,,,,,,,,,,,,,,,,,,,,,,,,,,,,
086138106678,,PK-3484,STAINLESS STEEL POTS & PANS,STAINLESS STEEL POTS & PANS,STAINLESS STEEL POTS & PANS,STAINLESS STEEL POTS & PANS,Others,Pretend Play & Dress Up,Home & Everyday Play,PLAYKIDIZ ,PLAYKIDIZ ,086138106678,,,,,,,,,,,,,,,,,,,,,,,,,,,,,,,,,,,,,,,,,,
086138802860,,3042,MY FOOD PLAYSET 100PC,MY FOOD PLAYSET 100PC,MY FOOD PLAYSET 100PC,MY FOOD PLAYSET 100PC,Others,Pretend Play & Dress Up,Home & Everyday Play,PLAYKIDIZ ,PLAYKIDIZ ,086138802860,,,,,,,,,,,,,,,,,,,,,,,,,,,,,,,,,,,,,,,,,,
086138803034,,3048,PLAY MONEY-$100 BILLS,PLAY MONEY-$100 BILLS,PLAY MONEY-$100 BILLS,PLAY MONEY-$100 BILLS,Others,Pretend Play & Dress Up,Home & Everyday Play,PLAYKIDIZ ,PLAYKIDIZ ,086138803034,,,,,,,,,,,,,,,,,,,,,,,,,,,,,,,,,,,,,,,,,,
086138804246,,PK-3058,TOOL SET,TOOL SET,TOOL SET,TOOL SET,Others,Pretend Play & Dress Up,Community Helpers Play,PLAYKIDIZ ,PLAYKIDIZ ,086138804246,,,,,,,,,,,,,,,,,,,,,,,,,,,,,,,,,,,,,,,,,,
086138803041,,3049,PLAY MONEY-$1 BILLS,PLAY MONEY-$1 BILLS,PLAY MONEY-$1 BILLS,PLAY MONEY-$1 BILLS,Others,Pretend Play & Dress Up,Home & Everyday Play,PLAYKIDIZ ,PLAYKIDIZ ,086138803041,,,,,,,,,,,,,,,,,,,,,,,,,,,,,,,,,,,,,,,,,,
786138700479,,3073,SHOPPING CART WITH FOOD,SHOPPING CART WITH FOOD,SHOPPING CART WITH FOOD,SHOPPING CART WITH FOOD,Others,Pretend Play & Dress Up,Home & Everyday Play,PLAYKIDIZ ,PLAYKIDIZ ,786138700479,,,,,,,,,,,,,,,,,,,,,,,,,,,,,,,,,,,,,,,,,,
786138701292,,3201,DELUXE CASH REGISTER,DELUXE CASH REGISTER,DELUXE CASH REGISTER,DELUXE CASH REGISTER,Others,Pretend Play & Dress Up,Home & Everyday Play,PLAYKIDIZ ,PLAYKIDIZ ,786138701292,,,,,,,,,,,,,,,,,,,,,,,,,,,,,,,,,,,,,,,,,,
786138705702,,PK-3387,DELUXE CLEANING SET 12 pc.,DELUXE CLEANING SET 12 pc.,DELUXE CLEANING SET 12 pc.,DELUXE CLEANING SET 12 pc.,Others,Pretend Play & Dress Up,Home & Everyday Play,PLAYKIDIZ ,PLAYKIDIZ ,786138705702,,,,,,,,,,,,,,,,,,,,,,,,,,,,,,,,,,,,,,,,,,
786138702053,,3218,MY FIRST MEDICAL KIT,MY FIRST MEDICAL KIT,MY FIRST MEDICAL KIT,MY FIRST MEDICAL KIT,Others,Pretend Play & Dress Up,Community Helpers Play,PLAYKIDIZ ,PLAYKIDIZ ,786138702053,,,,,,,,,,,,,,,,,,,,,,,,,,,,,,,,,,,,,,,,,,
086138802846,,PK-3040,CUTTING FRUIT & VEG BASKET,CUTTING FRUIT & VEG BASKET,CUTTING FRUIT & VEG BASKET,CUTTING FRUIT & VEG BASKET,Others,Pretend Play & Dress Up,Home & Everyday Play,PLAYKIDIZ ,PLAYKIDIZ ,086138802846,,,,,,,,,,,,,,,,,,,,,,,,,,,,,,,,,,,,,,,,,,
086138803072,,3052,PLAY MONEY,PLAY MONEY,PLAY MONEY,PLAY MONEY,Others,Pretend Play & Dress Up,Home & Everyday Play,PLAYKIDIZ ,PLAYKIDIZ ,086138803072,,,,,,,,,,,,,,,,,,,,,,,,,,,,,,,,,,,,,,,,,,
086138802853,,3041,MY FOOD PLAYSET 150PCS,MY FOOD PLAYSET 150PCS,MY FOOD PLAYSET 150PCS,MY FOOD PLAYSET 150PCS,Others,Pretend Play & Dress Up,Home & Everyday Play,PLAYKIDIZ ,PLAYKIDIZ ,086138802853,,,,,,,,,,,,,,,,,,,,,,,,,,,,,,,,,,,,,,,,,,
086138803027,,3047,PLAY MONEY,PLAY MONEY,PLAY MONEY,PLAY MONEY,Others,Pretend Play & Dress Up,Home & Everyday Play,PLAYKIDIZ ,PLAYKIDIZ ,086138803027,,,,,,,,,,,,,,,,,,,,,,,,,,,,,,,,,,,,,,,,,,
786138707737,,PK-3466,Doctor Kit Carry Case,Doctor Kit Carry Case,Doctor Kit Carry Case,Doctor Kit Carry Case,Others,Pretend Play & Dress Up,Community Helpers Play,PLAYKIDIZ ,PLAYKIDIZ ,786138707737,,,,,,,,,,,,,,,,,,,,,,,,,,,,,,,,,,,,,,,,,,
786138707744,,3467,Vacuum Cleaner Set,Vacuum Cleaner Set,Vacuum Cleaner Set,Vacuum Cleaner Set,Others,Pretend Play & Dress Up,Home & Everyday Play,PLAYKIDIZ ,PLAYKIDIZ ,786138707744,,,,,,,,,,,,,,,,,,,,,,,,,,,,,,,,,,,,,,,,,,
786138707751,,3468,Chop Fruit & Veggies in Basket,Chop Fruit & Veggies in Basket,Chop Fruit & Veggies in Basket,Chop Fruit & Veggies in Basket,Others,Pretend Play & Dress Up,Home & Everyday Play,PLAYKIDIZ ,PLAYKIDIZ ,786138707751,,,,,,,,,,,,,,,,,,,,,,,,,,,,,,,,,,,,,,,,,,
786138707768,,PK-3469,Electronic Tool Carry Case Set,Electronic Tool Carry Case Set,Electronic Tool Carry Case Set,Electronic Tool Carry Case Set,Others,Pretend Play & Dress Up,Community Helpers Play,PLAYKIDIZ ,PLAYKIDIZ ,786138707768,,,,,,,,,,,,,,,,,,,,,,,,,,,,,,,,,,,,,,,,,,
786138707836,,3470,Scan & Talk Cash Register / Pink,Scan & Talk Cash Register / Pink,Scan & Talk Cash Register / Pink,Scan & Talk Cash Register / Pink,Others,Pretend Play & Dress Up,Home & Everyday Play,PLAYKIDIZ ,PLAYKIDIZ ,786138707836,,,,,,,,,,,,,,,,,,,,,,,,,,,,,,,,,,,,,,,,,,
786138708420,,PK-3485,Picnic on-the-go Dishes set,Picnic on-the-go Dishes set,Picnic on-the-go Dishes set,Picnic on-the-go Dishes set,Others,Pretend Play & Dress Up,Home & Everyday Play,PLAYKIDIZ ,PLAYKIDIZ ,786138708420,,,,,,,,,,,,,,,,,,,,,,,,,,,,,,,,,,,,,,,,,,
786138708437,,3486,Dish Drainer,Dish Drainer,Dish Drainer,Dish Drainer,Others,Pretend Play & Dress Up,Home & Everyday Play,PLAYKIDIZ ,PLAYKIDIZ ,786138708437,,,,,,,,,,,,,,,,,,,,,,,,,,,,,,,,,,,,,,,,,,
786138708444,,3487,Deluxe Dishes Playset,Deluxe Dishes Playset,Deluxe Dishes Playset,Deluxe Dishes Playset,Others,Pretend Play & Dress Up,Home & Everyday Play,PLAYKIDIZ ,PLAYKIDIZ ,786138708444,,,,,,,,,,,,,,,,,,,,,,,,,,,,,,,,,,,,,,,,,,
786138708451,,3488,Cutlery Playset,Cutlery Playset,Cutlery Playset,Cutlery Playset,Others,Pretend Play & Dress Up,Home & Everyday Play,PLAYKIDIZ ,PLAYKIDIZ ,786138708451,,,,,,,,,,,,,,,,,,,,,,,,,,,,,,,,,,,,,,,,,,
786138708673,,PK-3509,Junior Handyman Tool Belt Set,Junior Handyman Tool Belt Set,Junior Handyman Tool Belt Set,Junior Handyman Tool Belt Set,Others,Pretend Play & Dress Up,Community Helpers Play,PLAYKIDIZ ,PLAYKIDIZ ,786138708673,,,,,,,,,,,,,,,,,,,,,,,,,,,,,,,,,,,,,,,,,,
786138708680,,PK-3510,Junior Handyman Deluxe Tool Belt Set,Junior Handyman Deluxe Tool Belt Set,Junior Handyman Deluxe Tool Belt Set,Junior Handyman Deluxe Tool Belt Set,Others,Pretend Play & Dress Up,Community Helpers Play,PLAYKIDIZ ,PLAYKIDIZ ,786138708680,,,,,,,,,,,,,,,,,,,,,,,,,,,,,,,,,,,,,,,,,,
786138708697,,PK-3511,Junior Handyman Grand Tool Belt Set,Junior Handyman Grand Tool Belt Set,Junior Handyman Grand Tool Belt Set,Junior Handyman Grand Tool Belt Set,Others,Pretend Play & Dress Up,Community Helpers Play,PLAYKIDIZ ,PLAYKIDIZ ,786138708697,,,,,,,,,,,,,,,,,,,,,,,,,,,,,,,,,,,,,,,,,,
086138804529,,3257,EGGBEATER,EGGBEATER,EGGBEATER,EGGBEATER,Fidgets,Pretend Play & Dress Up,Home & Everyday Play,PLAYKIDIZ ,PLAYKIDIZ ,086138804529,,,,,,,,,,,,,,,,,,,,,,,,,,,,,,,,,,,,,,,,,,
786138706051,,3407,Tubo Pop Large (24 Pack),Tubo Pop Large (24 Pack),Tubo Pop Large (24 Pack),Tubo Pop Large (24 Pack),Others,Prizes & Novelty,Fidgets,PLAYKIDIZ ,PLAYKIDIZ ,786138706051,,,,,,,,,,,,,,,,,,,,,,,,,,,,,,,,,,,,,,,,,,
786138703555,,3325,Crystal stress 7cm color lines ball,Crystal stress 7cm color lines ball,Crystal stress 7cm color lines ball,Crystal stress 7cm color lines ball,Others,Prizes & Novelty,Fidgets,PLAYKIDIZ ,PLAYKIDIZ ,786138703555,,,,,,,,,,,,,,,,,,,,,,,,,,,,,,,,,,,,,,,,,,
786138706075,,PK-3409,Tubo Pop Mini (8 Pack),Tubo Pop Mini (8 Pack),Tubo Pop Mini (8 Pack),Tubo Pop Mini (8 Pack),Others,Prizes & Novelty,Fidgets,PLAYKIDIZ ,PLAYKIDIZ ,786138706075,,,,,,,,,,,,,,,,,,,,,,,,,,,,,,,,,,,,,,,,,,
786138703449,,PK-3314,Color Change Squisher Stress Relief Toys 12 Pack,Color Change Squisher Stress Relief Toys 12 Pack,Color Change Squisher Stress Relief Toys 12 Pack,Color Change Squisher Stress Relief Toys 12 Pack,Others,Prizes & Novelty,Fidgets,PLAYKIDIZ ,PLAYKIDIZ ,786138703449,,,,,,,,,,,,,,,,,,,,,,,,,,,,,,,,,,,,,,,,,,
786138706044,,PK-3406,Tubo Pop Large (8 Pack),Tubo Pop Large (8 Pack),Tubo Pop Large (8 Pack),Tubo Pop Large (8 Pack),Fidgets,Prizes & Novelty,Fidgets,PLAYKIDIZ ,PLAYKIDIZ ,786138706044,,,,,,,,,,,,,,,,,,,,,,,,,,,,,,,,,,,,,,,,,,
786138706181,,PK-3420,FIDGET TANGRAM GAME,FIDGET TANGRAM GAME,FIDGET TANGRAM GAME,FIDGET TANGRAM GAME,Fidgets,Prizes & Novelty,Fidgets,PLAYKIDIZ ,PLAYKIDIZ ,786138706181,,,,,,,,,,,,,,,,,,,,,,,,,,,,,,,,,,,,,,,,,,
786138702374,,3283 -3282(set of 4),Squishy Banana,Squishy Banana,Squishy Banana,Squishy Banana,$1.29 Prizes,Prizes & Novelty,Fidgets,PLAYKIDIZ ,PLAYKIDIZ ,786138702374,,,,,,,,,,,,,,,,,,,,,,,,,,,,,,,,,,,,,,,,,,
786138702688,,4116 (8 BALLS),BOUNCE BALLS,BOUNCE BALLS,BOUNCE BALLS,BOUNCE BALLS,$1.29 Prizes,Prizes & Novelty,Fidgets,PLAYKIDIZ ,PLAYKIDIZ ,786138702688,,,,,,,,,,,,,,,,,,,,,,,,,,,,,,,,,,,,,,,,,,
086138804338,,3241,Mini Magic Cube,Mini Magic Cube,Mini Magic Cube,Mini Magic Cube,Others,S.T.E.M & Magic,Problem Solving Games,PLAYKIDIZ ,PLAYKIDIZ ,086138804338,,,,,,,,,,,,,,,,,,,,,,,,,,,,,,,,,,,,,,,,,,
086138100911,,PK-201,Brainymaze 208 steps,Brainymaze 208 steps,Brainymaze 208 steps,Brainymaze 208 steps,Others,S.T.E.M & Magic,Problem Solving Games,PLAYKIDIZ ,PLAYKIDIZ ,086138100911,,,,,,,,,,,,,,,,,,,,,,,,,,,,,,,,,,,,,,,,,,
086138804581,,3236,CHINESE JUMP ROPE,CHINESE JUMP ROPE,CHINESE JUMP ROPE,CHINESE JUMP ROPE,Others,S.T.E.M & Magic,Problem Solving Games,PLAYKIDIZ ,PLAYKIDIZ ,086138804581,,,,,,,,,,,,,,,,,,,,,,,,,,,,,,,,,,,,,,,,,,
086138802440,,2417,10 PK  GEL PENS,10 PK  GEL PENS,10 PK  GEL PENS,10 PK  GEL PENS,Others,Stationary & School Supplies,Writing Supplies,PLAYKIDIZ ,PLAYKIDIZ ,086138802440,,,,,,,,,,,,,,,,,,,,,,,,,,,,,,,,,,,,,,,,,,
786138704880,,2440,EMOJI STAMPERS 5 PCS SET,EMOJI STAMPERS 5 PCS SET,EMOJI STAMPERS 5 PCS SET,EMOJI STAMPERS 5 PCS SET,Others,Stationary & School Supplies,Writing Supplies,PLAYKIDIZ ,PLAYKIDIZ ,786138704880,,,,,,,,,,,,,,,,,,,,,,,,,,,,,,,,,,,,,,,,,,
086138802433,,2416,GLITTER GEL PENS 10 PACK,GLITTER GEL PENS 10 PACK,GLITTER GEL PENS 10 PACK,GLITTER GEL PENS 10 PACK,Others,Stationary & School Supplies,Writing Supplies,PLAYKIDIZ ,PLAYKIDIZ ,086138802433,,,,,,,,,,,,,,,,,,,,,,,,,,,,,,,,,,,,,,,,,,
086138802464,,PK-2419,100 PACK GEL PENS,100 PACK GEL PENS,100 PACK GEL PENS,100 PACK GEL PENS,Others,Stationary & School Supplies,Writing Supplies,PLAYKIDIZ ,PLAYKIDIZ ,086138802464,,,,,,,,,,,,,,,,,,,,,,,,,,,,,,,,,,,,,,,,,,
786138704934,,2445,40 Sheet Presentation Book,40 Sheet Presentation Book,40 Sheet Presentation Book,40 Sheet Presentation Book,Others,Stationary & School Supplies,Binders & Dividers,PLAYKIDIZ ,PLAYKIDIZ ,786138704934,,,,,,,,,,,,,,,,,,,,,,,,,,,,,,,,,,,,,,,,,,
786138704903,,PK-2442,Alef Beis Erasers,Alef Beis Erasers,Alef Beis Erasers,Alef Beis Erasers,Others,Stationary & School Supplies,Erasers & Rulers,PLAYKIDIZ ,PLAYKIDIZ ,786138704903,,,,,,,,,,,,,,,,,,,,,,,,,,,,,,,,,,,,,,,,,,
786138700769,,3090,PLAYKIDIZ GARBAGE TRUCK,PLAYKIDIZ GARBAGE TRUCK,PLAYKIDIZ GARBAGE TRUCK,PLAYKIDIZ GARBAGE TRUCK,Others,Vehicles & RC,Emergency & Service Vehicles,PLAYKIDIZ ,PLAYKIDIZ ,786138700769,,,,,,,,,,,,,,,,,,,,,,,,,,,,,,,,,,,,,,,,,,
786138700776,,3091,PLAYKIDZ FIRE TRUCK,PLAYKIDZ FIRE TRUCK,PLAYKIDZ FIRE TRUCK,PLAYKIDZ FIRE TRUCK,Others,Vehicles & RC,Emergency & Service Vehicles,PLAYKIDIZ ,PLAYKIDIZ ,786138700776,,,,,,,,,,,,,,,,,,,,,,,,,,,,,,,,,,,,,,,,,,
786138706327,,PK-3427,"PLAYKIDIZ 15"" RESCUE HELICOPTER","PLAYKIDIZ 15"" RESCUE HELICOPTER","PLAYKIDIZ 15"" RESCUE HELICOPTER","PLAYKIDIZ 15"" RESCUE HELICOPTER",Others,Vehicles & RC,Ships & Aircraft,PLAYKIDIZ ,PLAYKIDIZ ,786138706327,,,,,,,,,,,,,,,,,,,,,,,,,,,,,,,,,,,,,,,,,,
086138804024,,3052,LITTLE BOAT TRAIN,LITTLE BOAT TRAIN,LITTLE BOAT TRAIN,LITTLE BOAT TRAIN,Others,Vehicles & RC,Trains & Railways,PLAYKIDIZ ,PLAYKIDIZ ,086138804024,,,,,,,,,,,,,,,,,,,,,,,,,,,,,,,,,,,,,,,,,,
086138804253,,PK-3060,CONSTRUCTION TRUCKS,CONSTRUCTION TRUCKS,CONSTRUCTION TRUCKS,CONSTRUCTION TRUCKS,Others,Vehicles & RC,Emergency & Service Vehicles,PLAYKIDIZ ,PLAYKIDIZ ,086138804253,,,,,,,,,,,,,,,,,,,,,,,,,,,,,,,,,,,,,,,,,,
786138700714,,3086,HOOLA HOOPS,HOOLA HOOPS,HOOLA HOOPS,HOOLA HOOPS,Others,Vehicles & RC,Emergency & Service Vehicles,PLAYKIDIZ ,PLAYKIDIZ ,786138700714,,,,,,,,,,,,,,,,,,,,,,,,,,,,,,,,,,,,,,,,,,
086138803539,,3200,ROCKET COPTERS,ROCKET COPTERS,ROCKET COPTERS,ROCKET COPTERS,Others,Vehicles & RC,Cars & Trucks,PLAYKIDIZ ,PLAYKIDIZ ,086138803539,,,,,,,,,,,,,,,,,,,,,,,,,,,,,,,,,,,,,,,,,,
786138706334,,3428,"PLAYKIDIZ 15"" AMBULANCE","PLAYKIDIZ 15"" AMBULANCE","PLAYKIDIZ 15"" AMBULANCE","PLAYKIDIZ 15"" AMBULANCE",Others,Vehicles & RC,Emergency & Service Vehicles,PLAYKIDIZ ,PLAYKIDIZ ,786138706334,,,,,,,,,,,,,,,,,,,,,,,,,,,,,,,,,,,,,,,,,,
085761242890,,10620,TRAIN SET ALL ABOARD,TRAIN SET ALL ABOARD,TRAIN SET ALL ABOARD,TRAIN SET ALL ABOARD,Others,Vehicles & RC,Trains & Railways,PLAYKIDIZ ,PLAYKIDIZ ,085761242890,,,,,,,,,,,,,,,,,,,,,,,,,,,,,,,,,,,,,,,,,,
786138710355,,3558,Action Garage 3 levels,Action Garage 3 levels,Action Garage 3 levels,Action Garage 3 levels,Others,Vehicles & RC,Cars & Trucks,PLAYKIDIZ ,PLAYKIDIZ ,786138710355,,,,,,,,,,,,,,,,,,,,,,,,,,,,,,,,,,,,,,,,,,
786138710362,,3559,Action Garage 2 levels,Action Garage 2 levels,Action Garage 2 levels,Action Garage 2 levels,Others,Vehicles & RC,Cars & Trucks,PLAYKIDIZ ,PLAYKIDIZ ,786138710362,,,,,,,,,,,,,,,,,,,,,,,,,,,,,,,,,,,,,,,,,,
786138706341,,3429,"PLAYKIDIZ 15"" SWAT CAR","PLAYKIDIZ 15"" SWAT CAR","PLAYKIDIZ 15"" SWAT CAR","PLAYKIDIZ 15"" SWAT CAR",Cars & Trucks,Vehicles & RC,Emergency & Service Vehicles,PLAYKIDIZ ,PLAYKIDIZ ,786138706341,,,,,,,,,,,,,,,,,,,,,,,,,,,,,,,,,,,,,,,,,,
086138800897,,1118,TOYS4U MINI TRAILER,TOYS4U MINI TRAILER,TOYS4U MINI TRAILER,TOYS4U MINI TRAILER,Cars & Trucks,Vehicles & RC,Cars & Trucks,PLAYKIDIZ ,PLAYKIDIZ ,086138800897,,,,,,,,,,,,,,,,,,,,,,,,,,,,,,,,,,,,,,,,,,
786138700585,,1127,BACK FLIP RAMP,BACK FLIP RAMP,BACK FLIP RAMP,BACK FLIP RAMP,Cars & Trucks,Vehicles & RC,Cars & Trucks,PLAYKIDIZ ,PLAYKIDIZ ,786138700585,,,,,,,,,,,,,,,,,,,,,,,,,,,,,,,,,,,,,,,,,,
786138706358,,PK-3430,R/C AIR FORCE COLLECTION - NAVY STAR SILVER,R/C AIR FORCE COLLECTION - NAVY STAR SILVER,R/C AIR FORCE COLLECTION - NAVY STAR SILVER,R/C AIR FORCE COLLECTION - NAVY STAR SILVER,Cars & Trucks,Vehicles & RC,Remote Control,PLAYKIDIZ ,PLAYKIDIZ ,786138706358,,,,,,,,,,,,,,,,,,,,,,,,,,,,,,,,,,,,,,,,,,
086138803812,,3216,MINI TRUCK,MINI TRUCK,MINI TRUCK,MINI TRUCK,Cars & Trucks,Vehicles & RC,Cars & Trucks,PLAYKIDIZ ,PLAYKIDIZ ,086138803812,,,,,,,,,,,,,,,,,,,,,,,,,,,,,,,,,,,,,,,,,,
786138708499,,PK-3492,Mini Cars playset,Mini Cars playset,Mini Cars playset,Mini Cars playset,Cars & Trucks,Vehicles & RC,Cars & Trucks,PLAYKIDIZ ,PLAYKIDIZ ,786138708499,,,,,,,,,,,,,,,,,,,,,,,,,,,,,,,,,,,,,,,,,,
786138708727,,PK-3478,Car carrier,Car carrier,Car carrier,Car carrier,Cars & Trucks,Vehicles & RC,Cars & Trucks,PLAYKIDIZ ,PLAYKIDIZ ,786138708727,,,,,,,,,,,,,,,,,,,,,,,,,,,,,,,,,,,,,,,,,,
786138708734,,3479,Deluxe Car carrier,Deluxe Car carrier,Deluxe Car carrier,Deluxe Car carrier,Cars & Trucks,Vehicles & RC,Cars & Trucks,PLAYKIDIZ ,PLAYKIDIZ ,786138708734,,,,,,,,,,,,,,,,,,,,,,,,,,,,,,,,,,,,,,,,,,
786138708901,,PK-3512,Emergency Vehicles,Emergency Vehicles,Emergency Vehicles,Emergency Vehicles,Cars & Trucks,Vehicles & RC,Emergency & Service Vehicles,PLAYKIDIZ ,PLAYKIDIZ ,786138708901,,,,,,,,,,,,,,,,,,,,,,,,,,,,,,,,,,,,,,,,,,
786138708918,,PK-3513,Playkidiz City Vehicles,Playkidiz City Vehicles,Playkidiz City Vehicles,Playkidiz City Vehicles,Cars & Trucks,Vehicles & RC,Cars & Trucks,PLAYKIDIZ ,PLAYKIDIZ ,786138708918,,,,,,,,,,,,,,,,,,,,,,,,,,,,,,,,,,,,,,,,,,
786138708925,,PK-3514,Playkidiz Emergency + City Vehicle Bundle,Playkidiz Emergency + City Vehicle Bundle,Playkidiz Emergency + City Vehicle Bundle,Playkidiz Emergency + City Vehicle Bundle,Cars & Trucks,Vehicles & RC,Emergency & Service Vehicles,PLAYKIDIZ ,PLAYKIDIZ ,786138708925,,,,,,,,,,,,,,,,,,,,,,,,,,,,,,,,,,,,,,,,,,
786138709762,,3522,PLAY CITY Vehicles and Figures Mega Playset,PLAY CITY Vehicles and Figures Mega Playset,PLAY CITY Vehicles and Figures Mega Playset,PLAY CITY Vehicles and Figures Mega Playset,Cars & Trucks,Vehicles & RC,Cars & Trucks,PLAYKIDIZ ,PLAYKIDIZ ,786138709762,,,,,,,,,,,,,,,,,,,,,,,,,,,,,,,,,,,,,,,,,,
786138710713,,PK-3574,Rescue Ambulance Set,Rescue Ambulance Set,Rescue Ambulance Set,Rescue Ambulance Set,Cars & Trucks,Vehicles & RC,Emergency & Service Vehicles,PLAYKIDIZ ,PLAYKIDIZ ,786138710713,,,,,,,,,,,,,,,,,,,,,,,,,,,,,,,,,,,,,,,,,,
786138701148,,Pk-1326,Pegture,Pegture,Pegture,Pegture,Others,,"Bricks, Blocks & Building Sets",PLAYKIDIZ ,PLAYKIDIZ ,786138701148,,,,,,,,,,,,,,,,,,,,,,,,,,,,,,,,,,,,,,,,,,
,,,,,,,,,,,,,,,,,,,,,,,,,,,,,,,,,,,,,,,,,,,,,,,,,,,,,,
786138708048,,3472,Rocking Pony,Rocking Pony,Rocking Pony,Rocking Pony,Others,,Outdoor Play ,PLAYKIDIZ ,PLAYKIDIZ ,786138708048,,,,,,,,,,,,,,,,,,,,,,,,,,,,,,,,,,,,,,,,,,
786138704668,,PK-3346,My first pegs 20pc set,My first pegs 20pc set,My first pegs 20pc set,My first pegs 20pc set,Others,Baby & Toddler Toys,Early Learning & Development,PLAYKIDIZ ,PLAYKIDIZ ,786138704668,786138704668,"20pcs/set packed in color box. With 19 pegs + 1 peg board. Made for little handle. Stack, sort, build, and create. 12 sets/carton.",,,,,,,,,,1.9024,0.984,1.4432,,,,,,0.9184,0.9184,0.2296,,1.1,,,,,,,,,,,,,,,,,,
,3091,PLAYKIDZ FIRE TRUCK,PLAYKIDZ FIRE TRUCK,PLAYKIDZ FIRE TRUCK,PLAYKIDZ FIRE TRUCK,Others,Building Sets & Blocks,"Bricks, Blocks & Building Sets",PLAY BUILD,PLAY BUILD,786138700776,786138700776,,,,,,,,,,,,,,,,,,,,,,,,,,,,,,,,,,,,,,,,,,