Picture,Number,Name(Zh),Name(En),Name(Es),Name(It),Category,Department,Custom Category,Brand,Custom Brand,UPC Code,Origin(UPC),Description
,,,BOATS 1000 PC PUZZLE,,,,,,,,786138704866,786138704866,
,,,500 PC PUZZLES,,,,,,,,786138704330,786138704330,
,,,1000 PC PUZZLE,,,,,,,,786138704354,786138704354,
,,,3D EIFFEL TOWER,,,,,,,,786138704439,786138704439,
,,,3D TITANIC,,,,,,,,786138704514,786138704514,
,,,3D PUZZLE TOWER BRIDGE,,,,,,,,786138704590,786138704590,
,,,STEPS 1000 PC PUZZLE,,,,,,,,786138704835,786138704835,
,,,CONES 1000 PC PUZZLE,,,,,,,,786138704316,786138704316,
,,,SWING 1000 PC PUZZLE,,,,,,,,786138704392,786138704392,
,,,3D MINI NEW YORK,,,,,,,,786138704477,786138704477,
,,,3D PUZZLE MILITARY HELICOPTER,,,,,,,,786138704552,786138704552,
,,,ROUND BRIDGE 1000 PC PUZZLE,,,,,,,,786138704798,786138704798,
,,,1000 PC PUZZLE,,,,,,,,786138704873,786138704873,
,,,3D TOWER BRIDGE,,,,,,,,786138704415,786138704415,
,,,3D Puzzle FIRE STATION,,,,,,,,786138704491,786138704491,
,,,3D PUZZLE THE WHITE HOUSE,,,,,,,,786138704576,786138704576,
,,,FLORAL PATIO 1000 PC PUZZLE,,,,,,,,786138704811,786138704811,
,,,PuzzleWorx Puzzle Mat,,,,,,,,786138707621,786138707621,
,,,SMOOTHIES 500 PC PUZZLE,,,,,,,,786138704323,786138704323,
,,,TEDDY 500 PC PUZZLE,,,,,,,,786138704408,786138704408,
,,,3D LONDON SPECIAL,,,,,,,,786138704484,786138704484,
,,,3D PUZZLE MAYFLOWER SHIP,,,,,,,,786138704569,786138704569,
,,,HARBOR 1000 PC PUZZLE,,,,,,,,786138704804,786138704804,
,,,BIKES CANAL 1000 PC PUZZLE,,,,,,,,786138704279,786138704279,
,,,CANDY 1000 PC PUZZLE,,,,,,,,786138704286,786138704286,
,,,PENCIL HEART 1000 PC PUZZLE,,,,,,,,786138704361,786138704361,
,,,3D LEANING TOWER OF PISA,,,,,,,,786138704446,786138704446,
,,,3D PUZZLE SPACE SHUTTLE,,,,,,,,786138704521,786138704521,
,,,BRIDGE 1000 PC PUZZLE,,,,,,,,786138704842,786138704842,
,,,puzzle candy collage 1000 pc,,,,,,,,786138704293,786138704293,
,,,PUZELWORX PUZZLE 500 PC PENCILS,,,,,,,,786138704378,786138704378,
,,,3D EMPIRE STATE BUILDING,,,,,,,,786138704453,786138704453,
,,,3D PUZZLE AIRCRAFT CARRIER,,,,,,,,786138704538,786138704538,
,,,FALL 1000 PC PUZZLE,,,,,,,,786138704859,786138704859,
,,,2 CUPPS PUZZLE 500 PC,,,,,,,,786138704262,786138704262,
,,,FRUIT COLLAGE 1000PC PUZZLE,,,,,,,,786138704347,786138704347,
,,,3D HOLLAND WINDMILL,,,,,,,,786138704422,786138704422,
,,,3D POLICE STATION,,,,,,,,786138704507,786138704507,
,,,3D PUZZLE STATUE OF LIBERTY,,,,,,,,786138704583,786138704583,
,,,SUNSET 1000 PC PUZZLE,,,,,,,,786138704828,786138704828,
,,,Puzzleworx Puzzle Glue 2pk,,,,,,,,786138702138,786138702138,
,,,CANDY JARS 500 PC PUZZLE,,,,,,,,786138704309,786138704309,
,,,PLAYGROUND 100 PC PUZZLE,,,,,,,,786138704385,786138704385,
,,,3D MINI PARIS,,,,,,,,786138704460,786138704460,
,,,3D Puzzle Military Jet,,,,,,,,786138704545,786138704545,
,,,FLOWER STREET 1000 PC PUZZLE,,,,,,,,786138704781,786138704781,
